Job,Proposal,Upwork Portfolio,Websites link 1,Websites link 2,Websites link 3,Figma Link,Total Tokens"1. Real Estate Investment Portal Design (WordPress + IDX)

Posted: 4 days ago â€” Location: United States

We are a small investment group in Arizona expanding into real estate syndication. We need a full WordPress website to showcase our investment properties, allow new investors to sign up, and integrate IDX feeds for active listings.

Key Responsibilities:

Design homepage, listings page, investor dashboard page

Embed third-party IDX listings

Secure signup for investor leads

Integrate Mailchimp + document upload module

Ideal Stack: WordPress + Elementor, IDX plugins, Mailchimp, WPForms

Budget: $2,800 fixed-priceDuration: 3 weeksExpertise: Intermediate

About the Client:Payment method verifiedRating: 5.0 of 12 reviewsUnited States21 jobs posted, 14 hires$9.1K total spentAvg hourly rate paid: $27.00/hr","Best Proposal: Proposal 1  
Reason: Proposal 1 stands out as the best fit for this real estate investment portal job because it provides the most comprehensive and tailored response. It includes a relevant Upwork case study link, multiple portfolio links showcasing real estate and IDX integration projects with live/demo sites including a WordPress admin panel demo, and a highly relevant Figma prototype specifically centered on real estate buy & rental listings, aligning well with the clientâ€™s core needs. It clearly mentions all required tech/tools (WordPress + Elementor, IDX plugins, Mailchimp, WPForms), proposes a reasonable 3-week timeline aligned with the clientâ€™s expectations, and uses a confident, professional, yet approachable tone with a strong call to action. These factors together demonstrate readiness, credibility, and a strong match to the clientâ€™s technical and business requirements following Upwork best practices.

Content:  
---

Hello,

I see youâ€™re expanding your real estate investment group with a robust WordPress portal integrating IDX listings and secure investor signupâ€”a niche I specialize in delivering seamless, user-friendly platforms.

I have worked extensively on real estate websites where I built property listing features, IDX integrations, and investor dashboards, combining design and functionality with tools like WordPress, Elementor, IDX plugins, Mailchimp, and WPForms.

Here is a relevant Upwork case study showcasing a real estate website with comprehensive property listings and excellent UI/UX:  
[Real Estate Website, UI/UX, Property Listings](https://www.upwork.com/freelancers/muhammadadnan144?s=1044578476142100494&p=1562167439659835392)

Additionally, here are some portfolio websites that highlight similar real estate investment and IDX integration projects I have delivered:  
- [Real Estate: Investments](https://subject2.com/)  
- [Calgary Markets Demo Site](https://insitechstaging.com/demo/calgary-markets/wp-admin/)  
- [R Thompson Real Estate Demo](https://insitechstaging.com/demo/rthompson/)

Although your job description didnâ€™t mention Figma, Iâ€™ve included a highly relevant Figma prototype from the real estate buy & rental niche to illustrate my design sensibility and project visualization skills:  
[Real Estate Prototype & Property Listing](https://www.figma.com/file/44kFKbm0MYmiVuW9IYKnts/My-LRES?type=design&node-id=0-1&mode=design)

Based on your scope, I estimate delivery within 3 weeks, ensuring full integration of IDX feeds, a secure signup process, investor dashboard, and Mailchimp/document upload modules with the latest WordPress and Elementor tooling.

Iâ€™d love to bring your vision to life with a polished and conversion-optimized platform. Letâ€™s connect to discuss your specific needs and get started on elevating your real estate investment portal.

Looking forward to hearing from you!

Best regards,  
Muhammad Ibrahim

---",https://www.upwork.com/freelancers/muhammadadnan144?s=1044578476142100494&p=1562167439659835392,https://subject2.com/,https://insitechstaging.com/demo/calgary-markets/wp-admin/,https://insitechstaging.com/demo/rthompson/,https://www.figma.com/file/44kFKbm0MYmiVuW9IYKnts/My-LRES?type=design&node-id=0-1&mode=design,16468"1. Real Estate Investment Portal Design (WordPress + IDX)

Posted: 4 days ago â€” Location: United States

We are a small investment group in Arizona expanding into real estate syndication. We need a full WordPress website to showcase our investment properties, allow new investors to sign up, and integrate IDX feeds for active listings.

Key Responsibilities:

Design homepage, listings page, investor dashboard page

Embed third-party IDX listings

Secure signup for investor leads

Integrate Mailchimp + document upload module

Ideal Stack: WordPress + Elementor, IDX plugins, Mailchimp, WPForms

Budget: $2,800 fixed-priceDuration: 3 weeksExpertise: Intermediate

About the Client:Payment method verifiedRating: 5.0 of 12 reviewsUnited States21 jobs posted, 14 hires$9.1K total spentAvg hourly rate paid: $27.00/hr","Best Proposal: Proposal 1  
Reason: Proposal 1 is the most tailored to the job, providing highly relevant Upwork, portfolio, and Figma links directly related to real estate investment portals and IDX integration. It demonstrates clear expertise in the clientâ€™s specified tech stack and project scope including key requirements like Mailchimp integration and secure investor signup. Its tone, clarity, and structure make it stand out as the best match compared to the other two proposals.

Content:  
---

Hello [Client's Name],

I see youâ€™re expanding your real estate syndication efforts and need a professional WordPress portal integrated with IDX feedsâ€”this is right in my wheelhouse. With extensive experience designing real estate investment platforms, Iâ€™m confident I can build you a secure, user-friendly site that showcases your properties and streamlines investor signups.

Here are a few relevant examples of my work to give you confidence in my expertise:  

**Upwork Case Study:**  
- Real Estate Website with UI/UX tailored for property listings:  
https://www.upwork.com/freelancers/muhammadadnan144?s=1044578476142100494&p=1562167439659835392  

**Portfolio Links:**  
- Pavilion Real Estate Demo: https://insitechstaging.com/demo/pavilion/  
- Jeff Macgrandles Real Estate Site: https://insitechstaging.com/demo/jeff-macgrandles/  
- R. Thompson Real Estate Platform: https://insitechstaging.com/demo/rthompson/  

**Figma Design Prototype:**  
- Real Estate Buy & Rental Property Management and Listing Concept:  
https://www.figma.com/file/44kFKbm0MYmiVuW9IYKnts/My-LRES?type=design&node-id=0-1&mode=design  

Tech stack wise, Iâ€™m fully proficient with WordPress + Elementor, IDX plugins integration, Mailchimp setup, and WPForms for secure lead capture and document uploadsâ€”exactly what you require. The project can be completed comfortably within your 3-week timeline and the $2,800 fixed budget.

Iâ€™m looking forward to helping your investment group create a seamless platform that attracts and secures investor leads while displaying up-to-date property listings. Letâ€™s connect to discuss your exact requirements and get started on delivering this solution.

Best regards,  
Muhammad Ibrahim",,,,,,16923"Divi WordPress Designer Needed for Two New Bilingual Pages (Jobs + Testimonials)
Posted 15 minutes ago
Worldwide

Summary
Project Overview:
Weâ€™re seeking an experienced WordPress designer with Divi expertise to create two engaging and professional pages for our existing microfinance institution website based in Rwanda. These pages will need to be bilingual (English and Kinyarwanda) and follow the visual identity and structure of our current site.

Pages to be Designed:
Jobs Page

Dynamic layout with current job openings

Space for downloadable PDF job descriptions

Optional integration with email or a form plugin (e.g., WPForms) for applications or inquiries

Brief introduction about working with our organization

Testimonials Page

Grid or carousel-style layout featuring video testimonials and text quotes

Ability to sort/filter by category (e.g., client, staff, partner)

Responsive and mobile-friendly design

Key Requirements:
Must use Divi theme builder (already installed on site)

Experience creating bilingual websites or multilingual pages (WPML or similar plugin experience preferred)

Must match existing branding, fonts, and color palette

Optimized for desktop and mobile

Familiarity with working on nonprofit or MFI websites is a plus

Deliverables:
2 fully functional Divi pages: Jobs & Testimonials

Responsive across devices

Pages built in both English and Kinyarwanda

Admin access with clear documentation on how to update content

Timeline:
Weâ€™d like the project completed within 2â€“3 weeks of hire. Please indicate availability and estimated delivery time in your proposal.

Designers will be asked for a:
A short note about your relevant experience with Divi and bilingual site builds

2â€“3 samples of previous Divi websites youâ€™ve designed

Confirmation that you can work with English + Kinyarwanda (we will provide translations)

Your estimated timeline and rate

Less than 30 hrs/week
Hourly
Less than 1 month
Duration
Intermediate
I am looking for a mix of experience and value
$15.00

-

$30.00

Hourly","Best Proposal: Proposal 2  
Reason: Proposal 2 is the most tailored and complete. It clearly demonstrates the freelancerâ€™s expertise with Divi theme builder and bilingual (English + Kinyarwanda) site builds, includes relevant Upwork case studies and portfolio links that align with the job, explicitly mentions WPML and WPForms integration, and provides a detailed timeline and availability. The tone is professional and confident, and it offers clear documentation for admin use, which meets all clientâ€™s core requirements better than Proposal 1. Proposal 3 is missing content.

Content:  
---

**Justification for tone:**  
I chose a calm, confident, and helpful tone (Tone 1) because the client requests an experienced freelancer with a mix of experience and value to deliver a professional Divi WordPress bilingual site, and the project requires clarity and professionalism without being overly formal.

---

**Proposal:**

Hello,

I understand you are looking for an experienced Divi WordPress designer to create two bilingual (English + Kinyarwanda) pagesâ€”Jobs and Testimonialsâ€”for your microfinance institutionâ€™s website. Having worked extensively on Divi theme builds, bilingual/multilingual websites, and nonprofit/microfinance-related projects, I am confident in delivering pages that seamlessly match your existing branding while ensuring mobile responsiveness and user engagement.

Here is an example of my relevant Upwork case study showcasing my website and UX design experience:  
- [Upwork case study link](https://www.upwork.com/freelancers/muhammadadnan144?s=1044578476142100494&p=1709584746479128576)

Additionally, here are some Divi WordPress websites I have designed, demonstrating my skills in clean, functional, and dynamic layouts:  
- [Education & Learning site example â€“ stvaonline.com](https://stvaonline.com/)  
- [Digital Agency portfolio â€“ voyage-v2](https://portfolio.muhammadprojects.com/voyage-v2/)  
- [Business Services site â€“ designoflex.com](https://designoflex.com/)

To showcase my design process and bilingual page layout capabilities, here is a Figma prototype of a Divi-based bilingual website design:  
- [Divi Dutch Village Landing Page Prototype](https://www.figma.com/file/D67UKdck9ljbGoS0poadVy/Divi-Dutch-Village-Landing-Page?type=design&mode=design)

I am proficient with Divi theme builder and have experience integrating WPML for bilingual content, along with form plugins such as WPForms to handle job applications and inquiries efficiently. I understand the importance of matching your existing branding, maintaining accessibility, and delivering fully responsive pages optimized for both desktop and mobile.

Based on your timeline, I can complete these two pages within 2â€“3 weeks from project start, ensuring regular updates and clear documentation for easy content management by your admin team.

I look forward to the opportunity to collaborate and bring your vision for these bilingual pages to life. Please feel free to connect so we can discuss your needs in more detail and begin planning.

Best regards,  
Muhammad Ibrahim

---

Letâ€™s connect soon!",,,,,,21445"Branding and E-commerce Website Development 
Posted in 7 minutes 
Worldwide 

Summary 
We are seeking a talented designer and developer to create our company's branding and visual identity, alongside a fully functional e-commerce website. The ideal candidate will have a strong portfolio showcasing previous branding projects and e-commerce websites. You will be responsible for crafting a cohesive visual language that represents our brand, as well as integrating a user-friendly online shopping experience. If you have a passion for design and technology, we want to hear from you! 

$2,500.00 

Fixed-price 
Expert 
I am willing to pay higher rates for the most experienced freelancers 
Project Type: Ongoing project 
Skills and Expertise 
Mandatory skills 
Brand Identity Design 
Web Design 
Web Development 
Shopify 
WordPress 
Graphic Design 
HTML 
Preferred qualifications 
Job Success Score: 
At least 90% 
English level: 
Fluent 
","Best Proposal: Proposal 3  
Reason: Proposal 3 stands out due to its clear formatting, professional tone, and explicit mention of flexibility to work within the clientâ€™s fixed price and timeline expectations. It presents all relevant Upwork case studies, portfolio, and Figma prototype links clearly and tailors the content well to the job description, exhibiting a confident yet approachable expert tone. The structure makes it easy to read, which is ideal when selecting an experienced freelancer.  

Content:  
---

**Tone Justification:**  
I have chosen a confident expert tone for this proposal because the client explicitly seeks an experienced freelancer with a strong portfolio in branding and e-commerce development. This tone will effectively communicate my skills and build trust.

---

**Proposal:**  

Hello,

Iâ€™m excited to see your opportunity for branding and e-commerce website development. Creating a cohesive brand identity and a powerful online shopping platform is a passion of mine, and I have extensive experience delivering exactly that.

Having worked on multiple projects involving brand identity design, Shopify and WordPress development, UI/UX design, and front-end coding (HTML/CSS), Iâ€™m confident in providing a seamless visual language for your brand along with a user-friendly shopping experience.

Here are a couple of relevant Upwork case studies showcasing my experience:  
- [WordPress Website, UI/UX, Branding Case Study](https://www.upwork.com/freelancers/muhammadadnan144?s=1044578476142100494&p=1562879857819672576)

Additionally, you can review these portfolio links to see the quality and range of e-commerce and branding projects I have worked on:  
- [E-commerce Site Demo - Dropshipping](https://insitechstaging.com/demo/dropshipping/wp/)  
- [Digital Agency Portfolio](https://designoflex.com/)  
- [E-commerce Project - Enchanted](https://muhammadprojects.com/enchanted/)

For design prototyping, here is a relevant Figma portfolio link demonstrating a coffee shop e-commerce project, which highlights my skills in crafting intuitive interfaces and seamless user experiences:  
- [Figma Prototype - Chang Club E-Commerce](https://www.figma.com/file/ifAhtsgZZLaYUG8nA8jryR/Chang-Club?type=design&node-id=0-1)

Regarding timeline, a full branding and e-commerce website development project typically takes 4-6 weeks, depending on your specific features and integrations. I am flexible and committed to delivering high-quality work within your budget of $2,500.

Letâ€™s connect to discuss your vision and how I can help bring your brand and online store to life. I look forward to partnering on this exciting project!

Best regards,  
Muhammad Ibrahim

---",,,,,,16263"Figma Designer for Directory 
Posted 1 minute ago 
Worldwide 

Specialized profiles can help you better highlight your expertise when submitting proposals to jobs like these. Create a specialized profile. 

Summary 
****Only apply if you have examples of directory website or restaurant website you have designed and are live**** 

I am looking for an expert designer to design a restaurant directory style website that will be build on Wordpress using Elementor. 

I need a home page design with consistent buttons, service cards, unique elements that promote discovery and engagement. 

I need cards designed for restaurants that display important info such as photo, name, reviews and star ratings, cuisine, location, description, prices, call to actions in a well structured and organized format (for desktop and mobile). 

I need archive pages for categories that promote discovery of restaurants using filters, and clearly defined sections to promote easy navigation and flow from one page to another. 

I need a single post template for restaurants that highlights important information such as photos, menus, hours of operation, atmosphere, amenities, reviews, location, other relevant restaurants, etc in a clear and organized design for both desktop and mobile. 

Requirements: 
- you must show examples of either a directory website or a restaurant website that is live website. 
- you must have experience with figma 
- you must use best UX/UI practices 
- you must prioritize clean, functional, and consistent design 
- you must be creative and take control of the design with minimal direction 

$2,000.00 

Fixed-price 
Expert 
I am willing to pay higher rates for the most experienced freelancers 
Project Type: Ongoing project 
Skills and Expertise 
Mandatory skills 
Responsive Design 
User Experience Design 
Figma 
Web Design 
Adobe Photoshop 
Graphic Design 
Wireframing 
CSS 
HTML 
Preferred qualifications 

Bid range - High $2,000.00 | Avg $1,876.67 | Low $950.00 
Send a proposal for: 20 Connects 
Available Connects: 1,059 
About the client 
Payment method verified 
Phone number verified 
Rating is 4.6 out of 5. 
4.6 
4.60 of 9 reviews 
United States 
Manhattan 10:43 AM 
15 jobs posted 
67% hire rate, 1 open job 
$2.5K total spent 
11 hires, 1 active 
Sports & Recreation 
Individual client 

",Agent stopped due to iteration limit or time limit.,,,,,,21376"Shopify Website Design for Flooring Business 
Posted 38 minutes ago 
Worldwide 

Summary 
We are seeking a talented web designer to create a visually appealing and functional Shopify website for our flooring business. The ideal candidate will have experience in e-commerce and a strong portfolio showcasing previous Shopify projects. The website should be user-friendly, responsive, and optimized for conversions. Key features include product listings, a shopping cart, and an engaging landing page. If you have a passion for design and understand the flooring market, we would love to hear from you! 

We will be selling flooring on the website. Competitors websites look like this (and will need the same features): https://storiesflooring.co.uk 

https://luxuryflooring.co.uk/order-free-samples.html 

Please give us a rough estimate of a full start from finish project price, and what you will be able to deliver, in what time scale. 

More than 30 hrs/week 
Hourly 
1 to 3 months 
Duration 
Intermediate 
I am looking for a mix of experience and value 
$5.00 

- 

$30.00 

Hourly 
Project Type: Ongoing project 
You will be asked to answer the following questions when submitting a proposal: 

Describe your recent experience with similar projects 
Skills and Expertise 
Mandatory skills 
Shopify 
Web Design 
Web Development 
Graphic Design 
WordPress 
Preferred qualifications 

Bid range - High $75.00 | Avg $20.12 | Low $5.00 
","Best Proposal: Proposal 1  
Reason: Proposal 1 is the best choice as it combines a calm, confident tone with a clear, structured approach that addresses the clientâ€™s flooring niche specifically. It provides precise timeline and budget estimates aligned with the clientâ€™s expectations and includes all requested portfolio and prototype links relevant to Shopify e-commerce. This proposal is tailored, professional, and invites a conversation to customize the solution further, reflecting a strong understanding of the clientâ€™s business and project needs.

Content:  
---

Justification for Tone Selection:  
I chose a normal tone because the client is looking for a mix of experience and value, which calls for a calm, confident, and straightforward approach that highlights expertise and helpfulness without overselling.

---

Hello,

I noticed youâ€™re looking for a skilled Shopify web designer to create an attractive and user-friendly website for your flooring business. Given your niche and requirements, including product listings, shopping cart integration, and an engaging landing page, I am confident that I can deliver a highly functional and conversion-optimized Shopify site tailored to your needs.

I have hands-on experience working on e-commerce Shopify projects similar to yours. Here are a few relevant examples to showcase my work:

- Upwork Case Study: [eCommerce Website for Barber Supplies](https://www.upwork.com/freelancers/muhammadadnan144?s=1044578476142100494&p=1564681305152765952)  
- Portfolio samples:  
  â€¢ [Enchanted - E-commerce Shopify Store](https://muhammadprojects.com/enchanted/)  
  â€¢ [Dropshipping Shopify Demo Store](https://insitechstaging.com/demo/dropshipping/wp/)  
  â€¢ [Real Estate Website Demo (Relevant Web Design)](https://insitechstaging.com/demo/pavilion/)  

Additionally, here is a Figma prototype of an e-commerce store for apparel, which demonstrates the quality and thought process behind my designs:  
[Shopify E-commerce Prototype on Figma](https://www.figma.com/design/TU9xNpawU3QvHkq99TdPRF/Ingwaz-Apparel?node-id=0-1&t=KVQYwfkDFBM8TDXw-1)

My approach covers full-cycle Shopify development: from initial design concepts and graphic design to implementation and optimization for conversions. I also have experience with WordPress should you ever want to integrate any content or blogging functionality.

Regarding timeline and budget, I estimate approximately 6-8 weeks for a full start-to-finish design and development project covering the features you mentioned. Based on your hourly budget of around $20, I am happy to work flexibly within this range and can provide milestones to track progress.

Letâ€™s connect to discuss your specific flooring niche needs and how we can tailor the site for maximum impact and sales. Iâ€™m excited to collaborate and bring your vision to life.

Looking forward to chatting!

Best regards,  
Muhammad Ibrahim",,,,,,18553"Fullstack Developer Needed for Website Revamp 
Posted 42 minutes ago 
Worldwide 

Specialized profiles can help you better highlight your expertise when submitting proposals to jobs like these. Create a specialized profile. 

Summary 
I am seeking a skilled fullstack developer to completely revamp my website to enhance its marketing potential and ensure the mobile version is fully compatible and user-friendly. The ideal candidate will have experience in both front-end and back-end development, with a focus on responsive design and user experience. Your goal will be to update an existing website (currently on PHP and Wordpress) to make it an engaging website that effectively attracts and retains visitors across all devices. It is for a real-estate company that builds and sells residential and commercial space. 

If you are passionate about web development and have a keen eye for detail, I would love to hear from you! 

$8,500.00 

Fixed-price 
Intermediate 
I am looking for a mix of experience and value 
Project Type: Ongoing project 
You will be asked to answer the following questions when submitting a proposal: 

Describe your recent experience with similar projects 
Skills and Expertise 
Mandatory skills 
Web Development 
Web Design 
JavaScript 
WordPress 
CSS 
Preferred qualifications 
Job Success Score: 
At least 90% 
English level: 
Fluent 

Bid range - High $8,500.00 | Avg $8,394.62 | Low $5,444.00 
Send a proposal for: 10 Connects 

About the client 
Payment method not verified 
Phone number verified 
United Kingdom 
3:46 PM 
1 job posted 
0% hire rate, 1 open job 
Small company (2-9 people) 
Member since Jul 29, 2024 
Job link 
https://www.upwork.com/jobs/~021943309109024185517 
Copy link","Best Proposal: Proposal 1  
Reason: Proposal 1 is the most tailored to the clientâ€™s real estate website revamp needs, clearly references PHP, WordPress, JavaScript, and CSS as requested, and provides multiple relevant portfolio links along with a strong real estate Upwork case study and a real Figma prototype. The tone is confident and professional, the structure is clear, and the proposal invites client engagement by asking about pain points. This makes it the strongest fit compared to Proposals 2 and 3, which are somewhat similar but less precise and slightly weaker in portfolio relevance or tone.

Content:  
---

**Justification for tone:**  
Given the clientâ€™s requirement for a skilled fullstack developer with a focus on value and professionalism, I am using a confident expert tone to demonstrate reliability, expertise, and dedication to delivering an effective, engaging real estate website revamp.

---

**Proposal:**  

Hello,  

I see you are looking for a professional fullstack developer to completely revamp your real estate website using PHP, WordPress, JavaScript, and CSS, with a strong emphasis on responsive design and mobile user experience. Having worked extensively in the real estate niche, I understand how critical it is to create an engaging, user-friendly site that truly converts visitors across all devices.

Hereâ€™s why Iâ€™m confident Iâ€™m the right fit:  
I recently completed a real estate web development project on Upwork where I enhanced UI/UX and implemented robust property listing features. You can review this case study here:  
- [Real Estate Website Case Study on Upwork](https://www.upwork.com/freelancers/muhammadadnan144?s=1044578476142100494&p=1562167439659835392)  

Additionally, here are some portfolio links showcasing responsive, full-featured real estate websites with PHP and WordPress foundations:  
- https://insitechstaging.com/demo/jeff-macgrandles/  
- https://insitechstaging.com/demo/iron-gate  
- https://insitechstaging.com/demo/zachary-farrow/  

Although your job description does not mention Figma, I have included a relevant real estate website design prototype to highlight my design sensibility and ensure seamless front-end development:  
- [Figma Prototype: Real Estate Buy & Rental Property Management](https://www.figma.com/file/44kFKbm0MYmiVuW9IYKnts/My-LRES?type=design&node-id=0-1&mode=design)  

I am proficient in all your mandatory skills: Web Development, Web Design, JavaScript, WordPress, and CSS, and pay meticulous attention to responsive/mobile compatibility and performance optimization.  

**Estimated timeline:** A full revamp typically takes 5-7 weeks depending on project scope and iteration cycles, and I am happy to align with your deadlines to ensure smooth delivery.  

Iâ€™d love to understand more about your current pain points and discuss how I can add value to make your website an outstanding marketing asset. Letâ€™s connect and take the next step toward transforming your real estate online presence!  

Best regards,  
Muhammad Ibrahim  

---",,,,,,20076"Graphic Designer Needed for Landing Pages and Graphics 
Posted 2 hours ago 
Worldwide 

Specialized profiles can help you better highlight your expertise when submitting proposals to jobs like these. Create a specialized profile. 

Summary 
We are seeking a talented graphic designer with experience in WordPress, ActiveCampaign, and Canva. The ideal candidate will create visually appealing landing pages, workbooks, and various graphics. A quick turnaround time of 24-72 hours is essential. If you are creative, detail-oriented, and have a strong portfolio demonstrating your skills, we want to hear from you! Please include examples of your previous work in your application. 

Less than 30 hrs/week 
Hourly 
1 to 3 months 
Duration 
Intermediate 
I am looking for a mix of experience and value 
$20.00 

- 

$35.00 

Hourly 
Project Type: Ongoing project 

United States 
Miami 12:01 PM 
7 jobs posted 
100% hire rate, 1 open job 
$1.3K total spent 
8 hires, 3 active 
$19.70 /hr avg hourly rate paid 
22 hours 
Individual client 
Member since Sep 16, 2019","Best Proposal: Proposal 1  
Reason: Proposal 1 offers a well-structured, professional, and concise response tailored to the jobâ€™s requirements. It clearly demonstrates experience with WordPress, ActiveCampaign, and Canva, provides relevant and accessible portfolios and case studies, and includes an appropriate Figma prototype link suited for landing page design. The tone is calm and confident, matching the clientâ€™s preference, and the quick turnaround is emphasized effectively. Unlike the other proposals, Proposal 1 avoids questionable portfolio URLs and keeps the focus tightly on the job descriptionâ€™s specifics, offering a strong call to action.

Content:  
Justification for tone:  
I chose a normal, calm, and confident tone to align with the clientâ€™s straightforward, ongoing hourly job requiring intermediate skill and a quick turnaround, making the proposal clear and professional yet approachable.

---

Hello,

Iâ€™m excited to see your need for a skilled graphic designer experienced with WordPress, ActiveCampaign, and Canva to create eye-catching landing pages, workbooks, and custom graphics with a quick turnaround.

I bring a strong background in digital agency design work, including branding and landing page creation, which you can see in my Upwork case study here:  
https://www.upwork.com/freelancers/muhammadadnan144?s=1044578476142100494&p=1564681305152765952

Additionally, feel free to review selected portfolio projects demonstrating my design skills in this niche:  
- https://insitechstaging.com/demo/brochure-design/  
- https://designoflex.com/  
- https://portfolio.muhammadprojects.com/tech-color  

To further illustrate my design approach, here is a relevant Figma prototype for a landing page concept I developed:  
https://www.figma.com/file/D67UKdck9ljbGoS0poadVy/Divi-Dutch-Village-Landing-Page?type=design&mode=design

I am confident in delivering creative and detail-oriented graphics aligned with your brand, working efficiently within your 24-72 hour turnaround requirement. Whether itâ€™s landing pages on WordPress, campaign graphics via ActiveCampaign, or layouts crafted in Canva, I am ready to support your projects with high-quality results.

Iâ€™d love to connect and discuss how I can contribute to your ongoing design needs. Looking forward to chatting!

Best regards,  
Muhammad Ibrahim",,,,,,17119"I/UX Designer - Figma Expert for Travel Platform 
Posted 1 hour ago 
Worldwide 

Specialized profiles can help you better highlight your expertise when submitting proposals to jobs like these. Create a specialized profile. 

Summary 
We're looking for a talented designer to elevate the user experience of our new website, including our cutting-edge AI travel itinerary planner and various platform interfaces. This role 
offers the opportunity to work with a mission-driven nonprofit while creating meaningful digital experiences for travelers worldwide. 

Objectives: 
â—è Design intuitive UI/UX for our AI-powered travel itinerary planning tool 
â—è Create compelling landing pages that convert visitors into engaged users 
â—è Develop seamless in-session page designs for optimal user journey flow 
â—è Design responsive interfaces across desktop, tablet, and mobile platforms 
â—è Support ad-hoc design projects as they arise within our growing organization 

Requirements: 
â—è Expert-level Figma proficiency - Advanced knowledge of Auto Layout, Variants, Interactive Components, and Variables 
â—è WordPress design experience - Understanding of WordPress themes, Elementor page builder, and plugin integration 
â—è Experience with Ninja Forms or similar form builders for seamless design integration 
â—è Proven experience designing responsive web applications and mobile interfaces 
â—è Strong understanding of user-centered design principles and conversion optimization 
â—è Portfolio showcasing complex responsive layouts and design system work 

Preferred: 
â—è Experience designing AI-powered interfaces or conversational UI patterns 
â—è Familiarity with travel planning workflows and user behavior 
â—è Background in cultural or religious tourism markets 

www.worldjewishtravel.org 

UNSOLICITED EMAILS OUTSIDE OF UPWORK WILL NOT BE CONSIDERED FOR THIS ROLE. 

Less than 30 hrs/week 
Hourly 
3 to 6 months 
Duration 
Expert 
I am willing to pay higher rates for the most experienced freelancers 
$25.00 

- 

$40.00 

Hourly 
Project Type: Ongoing project 

About the client 
Payment method verified 
Rating is 5.0 out of 5. 
5.0 
4.99 of 35 reviews 
United States 
Worcester 6:02 PM 
43 jobs posted 
96% hire rate, 3 open jobs 
$81K total spent 
49 hires, 3 active 
$27.01 /hr avg hourly rate paid 
2,551 hours 
Travel & Hospitality 
Small company (2-9 people) 
Member since Mar 28, 2018 
Job link","Best Proposal: Proposal 3  
Reason: Proposal 3 is the most tailored to the job by highlighting expert Figma and WordPress skills with a strong emphasis on AI-powered and culturally sensitive travel interface design, which aligns well with the clientâ€™s mission-driven focus. It provides relevant and diverse portfolio examples, including a unique AI tech platform and a clear Figma prototype. The tone is professional and approachable, demonstrating understanding of the clientâ€™s needs and timeline expectations. This makes it stronger than the other proposals in clarity, relevance, and matching the job requirements.

Content:  

---

**Justification for Tone:**  
I chose a calm, confident, and helpful tone aligned with the clientâ€™s preference for normal tone, reflecting professionalism and approachability suitable for a mission-driven nonprofit seeking expert-level design skills.

---

**Proposal:**

Hello,

Iâ€™m excited about the opportunity to contribute to your AI-powered travel itinerary planner and the broader travel platform. With extensive experience in UI/UX design focused on travel and hospitality, combined with expert-level Figma skills, Iâ€™m confident I can help elevate the user experience and deliver intuitive, responsive designs that convert and engage.

Iâ€™ve worked on multiple platforms where I designed seamless user journeys, responsive layouts, and conversion-optimized landing pages using Figmaâ€™s advanced features like Auto Layout, Variants, and Interactive Components. I also have hands-on experience with WordPress, Elementor, and Ninja Forms ensuring smooth integration of complex forms and plugins.

Here are a few relevant examples of my work:

- Upwork case study showcasing UI/UX design for platform-based projects with Figma:  
[Local Directory Platform UI/UX with Figma](https://www.upwork.com/freelancers/muhammadadnan144?s=1044578476142100494&p=1709584746479128576)

- Portfolio links from the travel and tourism niche showing complex and responsive designs:  
[Travel Agency Website](https://insitechstaging.com/demo/travel-agency)  
[Relocate Travel Platform](https://insitechstaging.com/demo/relocate-travel)  
[Abstract AI Technology Platform](https://abstract-ai.com/) â€“ showcasing advanced digital product interfaces  

- Relevant Figma design prototype for a travel platform emphasizing UX/UI:  
This is the website we have designed and the prototype link is [https://www.figma.com/file/4naoKxypi3BeeOQxWiQoot/Redeemo?type=design&node-id=0-1&mode=design](https://www.figma.com/file/4naoKxypi3BeeOQxWiQoot/Redeemo?type=design&node-id=0-1&mode=design).

With your mission-driven nonprofitâ€™s focus on travel experiences, I understand the importance of culturally sensitive and user-centered design principles, paired with AI-powered interface design to enhance traveler engagement and streamline itinerary planning.

I can deliver the initial key screens within 2 weeks and continue providing ongoing design support throughout the project, adapting quickly to any new requirements or ad-hoc tasks.

Iâ€™d love to chat further to discuss how I can turn your vision into seamless, beautifully designed user experiences. Please feel free to reach out anytime.

Looking forward to connecting!

Best regards,  
Muhammad Ibrahim",,,,,,23853"WordPress Expert Needed for Book Publication Landing Page
Posted 9 hours ago
Worldwide

Summary
We are seeking a skilled WordPress expert to design a visually appealing and user-friendly landing page for our upcoming book publication. Weâ€™re launching a new book titled ""Reimagining Fairness: An Equity, Cultural Diversity, and Inclusion Competency Approach"" and are seeking a skilled WordPress expert to create a modern, responsive landing page that effectively promotes the book and captures leads.

The ideal candidate will have experience in designing and developing landing pages that convert visitors into readers or subscribers. You should be proficient in customizing themes, optimizing for SEO, and ensuring mobile responsiveness. If you have a passion for books and a knack for creating engaging online experiences, we would love to hear from you!

We already have a Bluehost account with WordPress installed, and the project is ready to begin immediately.

Project Scope:
Design and develop a one-page WordPress landing page that includes:
* Book cover and visual branding - we provide
* Author bio and headshot - we provide
* Key takeaways or preview sections of the book - we provide
* Email sign-up integration (Jotform preferred - we provide)
* â€œPre-orderâ€ù and/or â€œBuy Nowâ€ù buttons linked to Amazon and other retailers
* Testimonials or review quotes - we provide
* Social media links and share options - we provide
* SEO-friendly structure
* Mobile responsiveness and fast load times
* Built using Elementor (preferred), Divi, or native Gutenberg blocks

Requirements:
* Proven experience building high-converting landing pages for authors, products, or online courses
* Strong design sense and ability to work within branding guidelines
* Ability to recommend layout, structure, and conversion strategies
* Experience working with Bluehost-hosted WordPress sites
* Clear communication and timely delivery

Deliverables:
* Fully functional landing page live on our Bluehost-hosted WordPress site
* Instructions or brief Loom video for future edits
* Any stock images, plugins, or tools used (license compliant)

To Apply, Please Include:
* Links to 2â€“3 landing pages you've built (especially book or product-focused)
* Your preferred WordPress page builder and why
* Your estimated cost and turnaround time
* Any suggestions to make the page more effective or dynamic

Bonus Points For:
* Familiarity with DEI, social impact, or thought leadership projects
* Copywriting or layout suggestions that support lead generation and engagement
* Experience embedding video clips or animations
* Weâ€™re excited to collaborate with someone creative and reliable to help bring Reimagining Fairness to the world.

Less than 30 hrs/week
Hourly
Less than 1 month
Duration
Intermediate
I am looking for a mix of experience and value
$25.00

-

$45.00

Hourly
Project Type: One-time project
You will be asked to answer the following questions when submitting a proposal:

Describe your recent experience with similar projects
Please list any certifications related to this project
What frameworks have you worked with?
Include a link to your GitHub profile and/or website
Describe your approach to testing and improving QA

About the client 
Payment method verified 
Rating is 4.6 out of 5. 
4.6 
4.60 of 11 reviews 
United States 
San Francisco 12:05 PM 
34 jobs posted 
56% hire rate, 1 open job 
$138K total spent 
23 hires, 6 active 
$30.91 /hr avg hourly rate paid 
4,375 hours 
Education 
Small company (2-9 people)",Agent stopped due to iteration limit or time limit.,,,,,,25717"Website Developer Needed to Fix Website Issues 
Posted 3 hours ago 
Only freelancers located in the U.S. may apply. 

Summary 
We are seeking an experienced developer to address and fix various issues on our website. The ideal candidate should have a strong background in troubleshooting, debugging, and improving website functionality. Tasks may include but are not limited to resolving errors, enhancing site speed, and ensuring mobile responsiveness. If you are detail-oriented and have a passion for creating seamless user experiences, we would love to hear from you! 

Hours to be determined 
Hourly 
1 to 3 months 
Duration 
Intermediate 
I am looking for a mix of experience and value 
$15.00 

- 

$30.00 

Hourly 
Project Type: Ongoing project 
You will be asked to answer the following questions when submitting a proposal: 

Describe your recent experience with similar projects 
Please list any certifications related to this project 

About the client 
Payment method verified 
Rating is 5.0 out of 5. 
5.0 
5.00 of 7 reviews 
United States 
Woodland Hills 12:06 PM 
14 jobs posted 
79% hire rate, 1 open job 
$7.2K total spent 
12 hires, 4 active 
$33.48 /hr avg hourly rate paid 
204 hours 
Mid-sized company (10-99 people) 
","Best Proposal: Proposal 1  
Reason: Proposal 1 is the most tailored to the job description, offering a clear demonstration of relevant experience with direct links to Upwork case studies, portfolios, and Figma prototypes. It clearly mentions relevant technologies and provides a realistic initial timeline for delivery, all while maintaining a professional yet approachable tone that fits the U.S. client context. The proposal is concise but comprehensive, striking an ideal balance between detail and clarity compared to the other two options.

Content:  
---

Justification for Tone Selection:  
Based on the client's profile and job details, a Normal Proposal tone will strike the right balanceâ€”professional yet approachable, confident yet helpful. This will resonate well with a U.S.-based client seeking value and experience.

---

**Proposal**

Hello,

I came across your posting for a Website Developer to fix various issues such as troubleshooting errors, improving site speed, and ensuring mobile responsiveness. With extensive experience in website debugging and improving functionality, Iâ€™m confident I can help restore your siteâ€™s seamless user experience efficiently.

Here is an Upwork case study showcasing similar work Iâ€™ve done:  
https://www.upwork.com/freelancers/muhammadadnan144?s=1044578476142100494&p=1564683523614597120

Additionally, here are a few portfolio links demonstrating my expertise in website development and problem-solving:  
- https://portfolio.muhammadprojects.com/handyman/ (Construction & Home Services)  
- https://forum33.surge.sh/ (Other niche website)  
- https://ngentech.net/ (Technology & IT)

Iâ€™ve also included a relevant Figma prototype link to demonstrate my approach to website UI/UX design, which complements development and fixes:  
https://www.figma.com/design/2Khg5PQecG5oO6wWT7W45O/Vault-Of-Beauty?node-id=0-1&t=sVTTHwrxvuY2ZgQ0-1

Though no specific tech stack was outlined, I am proficient in HTML, CSS, JavaScript, and common debugging tools necessary to address errors and speed optimization. I focus on mobile responsiveness best practices as well.

Based on the project scope, I estimate that an initial assessment and fixes can be delivered within the first 1-2 weeks, with ongoing improvements as needed over the 1-3 month engagement.

Iâ€™d be happy to discuss your siteâ€™s current challenges in detail and plan the next steps. Letâ€™s connect and get your website smooth and fully functional again!

Looking forward to hearing from you.

Best regards,  
Muhammad Ibrahim

---",,,,,,17873"Web Designer needed for simple 4 page website
Posted 3 hours ago
Worldwide

Summary
We're looking for a creative website designer to work with us on created a new 4 page website for one of our new products.

The structure of the pages will be provided by us along logo, colours and font + all copy. The pages needed are...

Homepage
About Us
Pricing
Contact Form

Please share examples of your previous website design work.

Only apply via UpWork, any contact or proposal outside of Upwork will be ignored.

Web programming will be handed by our developer, design only required in Figma or similar.

Thanks!

Hours to be determined
Hourly
1 to 3 months
Duration
Intermediate
I am looking for a mix of experience and value
$15.00

-

$30.00

Hourly
Project Type: Ongoing project
You will be asked to answer the following questions when submitting a proposal:

Include examples of recent website design work


About the client
Payment method verified
Rating is 4.9 out of 5.
4.9
4.89 of 145 reviews
United Kingdom

","Best Proposal: Proposal 1  
Reason: Proposal 1 is the most tailored to the client's needs, clearly demonstrating an understanding of the project's scope and provided assets. It includes multiple polished portfolio links relevant to similar projects, a directly applicable Figma prototype, and offers a realistic timeline with revision rounds. The proposal is professionally structured, aligns well with the client's budget, and emphasizes communication via Upwork, fully meeting all specified requirements. Compared to the others, it stands out in clarity, portfolio relevance, and direct alignment with the job.

Content:  
---

**Tone justification:**  
I have chosen a calm, confident, and helpful tone (Tone 1 - Normal) because the project requires a balanced, professional approach that conveys reliability and experience while respecting the clientâ€™s budget and timeline preferences.

---

**Upwork Proposal:**  

Hello!

Iâ€™m excited to see your posting for a creative website designer to craft a simple yet elegant 4-page website in Figma. Your clear page structure and provided brand assets (logo, colors, fonts, and copy) set a great foundation, and I specialize in turning such assets into clean, user-friendly designs tailored for your target audience.

Here are some relevant examples of my recent work that align with your project:  
- **Upwork Case Study:** [WordPress Website & UI/UX Project](https://www.upwork.com/freelancers/muhammadadnan144?s=1044578476142100494&p=1562879857819672576)  
- **Portfolio Links:**  
  â€¢ [Tech Color - Digital Agency Site](https://portfolio.muhammadprojects.com/tech-color)  
  â€¢ [Legacy - Digital Agency Site](https://portfolio.muhammadprojects.com/legacy/)  
  â€¢ [Enchanted - E-commerce Site Design](https://muhammadprojects.com/enchanted/)  

Since you require design in Figma, here is a prototype from my recent Figma project that demonstrates a similar style and approach:  
- [Redeemo - Figma Website Prototype](https://www.figma.com/file/4naoKxypi3BeeOQxWiQoot/Redeemo?type=design&node-id=0-1&mode=design)  

Typically, I can deliver the full 4-page website design within 7â€“10 days, including 1-2 rounds of revisions to ensure everything matches your vision perfectly. Iâ€™m flexible with your hourly budget range ($15-$30/hr) and will prioritize clear communication and timely deliveries.

Would love to connect and discuss your project in more detail to kick off soon. Please feel free to message me on Upwork anytime!

Best regards,  
Muhammad Ibrahim  

---",,,,,,17117"Landing Page Specialist Needed for Funnel 
Posted 3 hours ago 
Worldwide 

Summary 
We are a high-performance Marketing Agency working with fast-scaling E-Commerce and D2C brands. Weâ€™re looking for a top-tier designer who can translate our bold, results-driven brand into sleek visual assets â€“ with a focus on clarity, professionalism, and conversion. 

What we need: 
1. 3 Conversion-Optimized Landing Page Designs (Funnel) 
2. Email Signature (responsive & clean) 
3. Business Cards (double-sided, premium design) 
â€“ Each tailored to a specific buyer persona 
â€“ Structure-first, mobile-first, built for lead generation 
â€“ No cookie-cutter designs â€“ we need premium, high-ticket visuals 

Target Audience: 
E-Com brands (6â€“7 figure monthly revenue), D2C founders, Heads of Marketing. 
Visual Style: Bold. Clear. Premium. No playful startup aesthetics. 

What weâ€™re NOT looking for: 
â€“ No generic templates 
â€“ No stock-heavy visuals 
â€“ No design without understanding conversion logic 

What we expect from you: 
â€“ Experience in branding & conversion-focused design 
â€“ Strong understanding of performance marketing funnels 
â€“ Fast turnaround & clear communication 
â€“ Delivery of all source files (Figma, PDF, PNG, SVG, etc.) 

Bonus if you have: 
â€“ Webflow experience or dev support in your team 
â€“ Prior work with D2C / E-Commerce brands 

How to Apply: 
Please send us: 
âœ… 3â€“5 relevant portfolio pieces (please no generic portfolios) 
âœ… Your price estimate for the full project 
âœ… Timeline & workflow 
âœ… Short message on why youâ€™re the perfect fit 

Letâ€™s build a bold, high-converting brand together. 
Looking forward to your application! ?Ÿ?€ 

More than 30 hrs/week 
Hourly 
1 to 3 months 
Duration 
Intermediate 
I am looking for a mix of experience and value 
$15.00 

- 

$40.00 

Hourly 
Contract-to-hire opportunity 
This lets talent know that this job could become full time. 
Learn more 
Project Type: Ongoing projectAbout the client 
Payment method verified 
Phone number verified 
Rating is 5.0 out of 5. 
5.0 
5.00 of 7 reviews 
United States 
Cleveland 11:09 AM 
42 jobs posted 
41% hire rate, 2 open jobs 
$68K total spent 
18 hires, 11 active 
$39.02 /hr avg hourly rate paid 
1,543 hours 
Small company (2-9 people)",Agent stopped due to iteration limit or time limit.,,,,,,28525
