Website URL,Website Description,Category,Tech Stack,Keywords,sub category,Niche,Priority 
https://portfolio.muhammadprojects.com/harley-reed/,"Harley Reed provides expert advisory services for fashion brands, including consumer trend analysis, market positioning strategies, and personalized business growth consulting.",Business Services,"Shopify-like Liquid, CSS, HTML","fashion advisory, brand consulting, market positioning, consumer trend analysis",Business Consulting –,Consulting / Fashion Brand Advisory,
https://portfolio.muhammadprojects.com/Franchise-Rockstars/,"Franchise Rockstars offers franchise consulting and development services, guiding entrepreneurs from brand evaluation and legal structuring to location planning and launch execution.",Business Services,"Custom PHP, HTML, CSS","franchise consulting, franchise launch, business expansion, franchise planning",Business Services – Franchise Development Consultancy,Business & Consulting / Franchise Strategy & Advisory,
https://muhammadprojects.com/startosphere-v3/,"Startosphere V3 provides advanced startup acceleration services including venture partnerships, growth workshops, and investor networking.",Business Services,"WordPress, JS, CSS,startup acceleration, growth workshops, investor networking, venture partnership",Business & Professional / Startup Accelerator Programs,Business Services – Startup Accelerator,,
https://muhammadprojects.com/startosphere-v2/,"Startosphere V2 is a startup incubator platform offering business mentorship, pitch coaching, and funding readiness programs.",Business Services,"Custom CMS, PHP, CSS","startup incubator, pitch coaching, business mentorship, funding preparation",Business Services – Startup Incubator,Business & Professional / Startup Incubation,
https://www.muhammadprojects.com/startosphere-v2/,"Startosphere V2 is a startup incubator platform offering business mentorship, pitch coaching, and funding readiness programs.",Business Services,"Custom CMS, PHP, CSS","startup incubator, pitch coaching, business mentorship, funding preparation",Business Services – Startup Incubator,Business & Professional / Startup Incubation,
https://bizcoconsultancy.com/,"BizCo Consultancy is a boutique business advisory firm servicing start‑ups, SMEs and mid‑size corporations with accounting, HR, payroll, corporate secretarial & business advisory in Singapore/Kenya.",Business Services,"CMS website (custom), cookies; social embeds; form integration","“business advisory Singapore, SME HR services, payroll outsourcing, corporate secretarial, accounting consultancy”",Professional Services – Business Advisory & HR Support,Professional Services / Business Advisory,
https://portfolio.muhammadprojects.com/intern/,"Intern connects students and recent graduates with internship opportunities across industries, offering placement services, resume workshops, and employer networking.",Career & Recruitment,"React, Node.js, CSS","internship placement, student opportunities, career workshops, employer connections",Education & Career – Internship Placement Platform,Career Development / Student Internship Services,
https://portfolio.muhammadprojects.com/dnd3/,"DND is a professional cleaning service provider specializing in residential, commercial, and industrial cleaning solutions with eco-friendly products and trained staff for high-quality sanitation.",Cleaning Servic,"WordPress, Elementor, PHP","commercial cleaning, residential cleaning, janitorial services, eco-friendly cleaning",Home & Commercial Services – Cleaning Services,Cleaning Services / Residential & Commercial Cleaning,
https://fabriclifemiami.com/,"Fabric Life Services offers professional fabric protection and cleaning solutions for carpets, rugs, and upholstery across Miami, FL. Using eco-friendly techniques, they help both residential and commercial clients maintain fresh, healthy, and long-lasting interiors.",Cleaning Services,"WordPress, Elementor, PHP, MySQL, Apache, Google Analytics, Google Tag Manager, RankMath SEO, jQuery","fabric cleaning, carpet cleaning, rug care, upholstery cleaning, eco-friendly cleaning, Miami cleaning services, fabric protection, WordPress Elementor site",Cleaning Services,Residential & Commercial Cleaning,
https://portfolio.muhammadprojects.com/da-drain-fellas/,"Da Drain Fellas is a professional drain and plumbing service company specializing in drain cleaning, sewer line repair, hydro-jetting, and maintenance for residential and commercial clients.",Cleaning Services,"WordPress, Elementor, CSS","drain cleaning, sewer repair, hydro-jetting service, plumbing maintenance",Home Services – Drain & Sewer Cleaning Service,Home Services / Drain & Sewer Solutions,
https://myprimarycleaning.com/,"My Primary Cleaning offers professional, pet‑friendly home & commercial cleaning services in Kansas City with trained staff and eco‑friendly methods.",Cleaning Services,"HTML/CSS, Google Cookies tracking, likely local CMS or custom site","“Kansas City cleaning service, pet friendly cleaners, commercial cleaning KC, residential cleaning”",Home Services – Residential & Commercial Cleaning,Home Services / Residential & Commercial Cleaning,
https://insitechstaging.com/demo/atf-contracting/,"This website promotes ATF Contracting, a design and construction company offering services in architecture, landscaping, site planning, and interior/exterior design. It highlights their craftsmanship and focus on aesthetic innovation.",Construction & Home Services,"WordPress, WooCommerce, Elementor, WPBakery, PHP, MySQL, Bootstrap 5, Cloudflare, Slider Revolution, GSAP, jQuery, FancyBox","architecture, landscape design, interior design, exterior design, furniture design, site planning, design studio, contracting, WordPress design, Elementor",Construction & Home Services,Architecture & Contracting,4
https://pacificsfinestconstructioninc.com/,"Pacific’s Finest Construction is a full-service building and remodeling company delivering architectural experiences through expert craftsmanship in concrete, plumbing, electrical, roofing, and more for both residential and commercial projects.",Construction & Home Services,"WordPress, Elementor, WPForms, PHP, MySQL, Hello Elementor, jQuery, Google Fonts","construction services, home remodeling, commercial construction, general contractor, WordPress Elementor",Construction,Construction / Architecture,
https://saundersroofing.com/,"Saunders Roofing is a family-owned, class-A licensed residential and commercial roofing contractor in Richmond, VA, operating since 1942 with full-service roof repair & installations.",Construction & Home Services,HTML/CSS with contact forms; BBB accreditation showcased; social embeds,"roofing contractor Richmond VA, residential roofing, commercial roofing, roof repair, BBB A+ roofer",Construction – Roofing Contractor (Residential & Commercial),Construction / Residential & Commercial Roofing,1
https://insitechstaging.com/demo/cupsmx/#,"Dakam Group Inc. is a family-owned construction company providing residential and small commercial building services across Chicagoland and NW Indiana. Their offerings include new construction, remodeling, and high-quality general contracting solutions.",-,"WordPress, Custom PHP, HTML, CSS","general contractor, residential construction, remodeling services, home improvement, commercial renovations, custom builds, WordPress construction site",Construction & Remodeling,Construction Services,
https://cadavidsolutionsltd.com/,Cadavid Solutions Ltd is a construction and renovation company offering high-quality building services. They are committed to client satisfaction through innovative and specialized project execution.,Construction & Home Services,"WordPress, Elementor, PHP, MySQL, Bootstrap, GSAP, AOS, jQuery, FancyBox","construction services, renovation projects, remodeling, general contractor, quality builds, Elementor contractor site",Construction & Renovation,Construction / Residential & Commercial,
https://muhammadprojects.com/torch/,"Torch is a modern lighting design studio offering custom fixture design, residential and commercial lighting consultation, and installation services.",-,"Custom PHP, HTML, CSS","lighting design, custom light fixtures, residential lighting consultation, commercial lighting",Design & Lighting – Lighting Design Studio,Electrical Design / Custom Lighting Solutions,
https://muhammadprojects.com/green-gardeners,"Green Gardeners is an eco-friendly landscape company providing organic lawn care, native planting, sustainable garden installations, and eco-conscious yard management.",Construction & Home Services,"WordPress, HTML, CSS","sustainable landscaping, organic lawn care, native planting, eco yard services",Environment & Landscaping – Sustainable Landscaping,Home & Garden / Sustainable Landscaping,2
https://muhammadprojects.com/gardening/,"Gardening offers professional horticulture services including landscape design, garden maintenance, seasonal planting, and sustainable garden solutions.",Construction & Home Services,"Custom PHP, HTML, CSS","landscape design, garden maintenance, seasonal planting, horticulture services",Home & Garden – Horticulture Services,Home & Garden / Garden Design & Maintenance,
https://portfolio.muhammadprojects.com/JP-property-services/,"JP Property Services offers comprehensive residential and commercial property maintenance, including HVAC servicing, plumbing repairs, electrical troubleshooting, and seasonal upkeep. They support property owners with proactive maintenance plans and emergency response.",Construction & Home Services,"Custom PHP, HTML, CSS","property maintenance, HVAC service, plumbing repairs, electrical troubleshooting",Home & Property Services – Maintenance & Repairs,Home Services / Residential & Commercial Property Maintenance,
https://lservicesthecompany.com/,"LServices provides professional air duct, dryer vent & chimney cleaning services in Sandy Springs, GA, using NADCA-certified methods for residential and commercial clients.",Construction & Home Services,"HTML/CSS, WIX,Contact form; Instagram/Facebook embed; NADCA standards mentioned","air duct cleaning, dryer vent cleaning, chimney sweep, HVAC hygiene, NADCA certified",Home Services – HVAC & Ventilation Cleaning,Home Services / HVAC & Ventilation Cleaning,
https://portfolio.muhammadprojects.com/shuckfamilyplumbing/,"Shuck Family Plumbing offers residential and commercial plumbing services including leak repairs, pipe installations, water heater servicing, and emergency plumbers.",Construction & Home Services,"WordPress, JS, CSS","plumbing repair, leak detection, water heater service, emergency plumber",Home Services – Plumbing & Emergency Repairs,Home Services / Plumbing & Emergency Services,
https://muhammadprojects.com/plumbing-company/,"Plumbing Company offers residential and commercial plumbing services including repairs, installations, emergency support, and maintenance plans.",Construction & Home Services,"Custom PHP, HTML, CSS","residential plumbing, commercial plumbing, emergency plumber, plumbing maintenance",Home Services – Plumbing Services,Home Services / Plumbing & Maintenance,
https://insitechstaging.com/demo/evergreen/,"Evergreen is a lawncare service company dedicated to helping customers achieve vibrant, healthy lawns. With years of experience and a passion for greenery, they offer professional maintenance to transform outdoor spaces into lush landscapes.",Construction & Home Services,"WordPress, Elementor, Next.js, AOS, Modernizr, Moment.js, Flickity, prettyPhoto, LazySizes","lawncare services, grass maintenance, landscaping, healthy lawn, outdoor beautification, WordPress lawn site, Next.js landscaping",Lawncare & Landscaping,Landscaping & Gardening,
https://desertknightpainting.com/,"Desert Knight Painting provides high-quality residential and commercial painting services across the Coachella Valley. With over 30 years of experience, they deliver expert craftsmanship, attention to detail, and long-lasting finishes.",Construction & Home Services,"WordPress, PHP, MySQL, Apache","professional painting, Coachella Valley painters, residential painting, commercial painting, interior exterior paint, WordPress contractor site",Painting Services,Home Improvement & Contracting,
https://insitechstaging.com/demo/children-band/,"This website features Paul Peavey, a passionate children’s musician offering fun, interactive, and educational music experiences. The platform promotes music performances, merchandise, and event bookings tailored for young audiences.",Creative & Media,"WordPress, HTML, WooCommerce, MySQL, Contact Form 7","kids music, children’s band, live performance, children’s entertainer, family-friendly music, musician website, music for schools, WordPress artist site",Children's Entertainment,Kids & Music Entertainment,
https://insitechstaging.com/demo/rthompson/,"RThompson is a design agency providing professional logo design and website solutions. The site highlights creative branding, modern visuals, and client-focused digital services.",Creative & Media,"WordPress, Elementor","logo design, web design, branding agency, WordPress design studio, creative services, digital agency",Creative Agency,Branding & Web Design,
https://creativedge.me/,"Creative Edge is a multimedia creative agency specializing in website design, branding, video production, and integrated marketing strategies for growing businesses.",Creative & Media,WordPress or custom CMS; video embeds; analytics; contact forms,"creative agency, video production, branding strategy, web design, marketing agency",Creative Agency – Multimedia & Branding,Design & Marketing / Creative Multimedia Agency,
https://portfolio.muhammadprojects.com/bounce-studio/,"Bounce Studio is a creative design agency specializing in animation, motion graphics, and brand video production for startups and marketing teams.",Creative & Media,"Custom PHP, HTML, CSS","motion graphics, animation studio, brand video, creative design agency",Creative Services – Animation & Video Production,Creative Services / Motion Graphics & Video,5
https://portfolio.muhammadprojects.com/njsama/,"NJ Sama is a creative collective offering digital media production, brand storytelling, and social content creation for businesses looking to elevate their online presence. They specialize in video, photography, and branded editorial.",Creative & Media,"WordPress, JavaScript, HTML, CSS","digital media production, brand content, social video, photography studio",Creative Services – Digital Media Production,Creative Services / Branded Content Production,2
https://portfolio.muhammadprojects.com/fantopia/,"Fantopia is an immersive entertainment venue offering themed experiences, interactive installations, and live event programming for families and groups.",Creative & Media,"Custom PHP, HTML, CSS","themed entertainment, immersive events, interactive installations, family venue",Entertainment – Immersive Experience Venue,Entertainment / Immersive Experience Spaces,
https://insitechstaging.com/demo/circo-circus-funland/,"Circo Circus Funland is a family entertainment company with 40+ years in the industry, offering circus shows, theme parties, and custom events for all ages. Their motto: “You dream it, we fulfill it.”",Creative & Media,"WordPress, PHP, Apache, MySQL","circus shows, kids parties, family fun, theme events, entertainment company, WordPress circus site, event planning",Family Entertainment,Entertainment & Events,
https://portfolio.muhammadprojects.com/allseason-digital/,"AllSeason Digital is a full-service film production company specializing in narrative and commercial projects. They offer pre-production planning, on-set shooting, post-production editing, and distribution strategy.",Creative & Media,"WordPress, HTML, CSS","film production services, narrative filmmaking, commercial video production, post-production editing",Media & Entertainment – Film Production,Media & Entertainment / Film Production Services,1
https://muhammadprojects.com/calico-music/,"Calico Music is an independent music label and artist management company offering production, distribution, and promotional support for emerging musicians and bands.",Creative & Media,"WordPress, HTML, CSS","music label, artist management, independent music production, music distribution",Media & Entertainment – Music Label & Artist Management,E-commerce / Music & Entertainment Services,
https://muhammadprojects.com/ensemble/,"Ensemble is a musical collective and production company offering performance coordination, recording sessions, and collaborative creative projects.",-,"WordPress, Elementor, CSS","music collective, recording production, performance coordination, collaborative music projects",Media & Entertainment – Music Production & Collaboration,Media & Entertainment / Creative Music Collective,
https://thevalemagazine.com/,"The Vale Magazine is an online digital media publication focused on political, social, and environmental issues, featuring in-depth articles and opinion pieces.",Creative & Media," WordPress, Google Analytics; social sharing toolbars; basic HTML/CSS","political commentary, environmental news, social issues magazine, digital journalism",Media & Publishing – Digital Magazine,Media & Publishing / Digital Magazine,4
https://insitechstaging.com/demo/zee-media/,"Zee Media is a digital media company producing news articles, interviews, editorials, and branded content. Their platform covers politics, lifestyle, business, and community-focused stories.",Creative & Media,"WordPress, Gutenberg, JavaScript","digital news, editorial content, online magazine, branded journalism",Media & Publishing – Digital Media,Media & Publishing / Digital News & Media,
https://portfolio.muhammadprojects.com/INKY-BLACKNESS/intro/,"Inky Blackness is a music-focused platform that showcases independent artists, offering music streaming, artist bios, and album previews, creating a space for emerging talent and creative soundscapes.",Creative & Media,"HTML, CSS, JavaScript","indie music, artist platform, music streaming, audio previews",Music & Entertainment – Independent Artist Platform,Music / Independent Music Promotion,3
https://muhammadprojects.com/photography/,"Photography provides professional photography services including portrait, event, and commercial shoots, with post-production and client gallery delivery.",Creative & Media,"WordPress, HTML, CSS","professional photography, event photography, portrait studio, commercial shoots",Photography & Media – Professional Photography,Photography / Professional Photography Services,
https://portfolio.muhammadprojects.com/tima-journal/,"Tima Journal is a lifestyle and personal growth publication featuring reflective essays, guided prompts, and creative writing tools to inspire self-improvement and introspection.",Creative & Media,"WordPress, Gutenberg, CSS","lifestyle journal, personal development, guided prompts, creative writing",Publishing & Media – Personal Growth Journal,Media & Publishing / Personal Growth & Lifestyle,
https://insitechstaging.com/demo/philanthrocapitalistreview,"PhilanthroCapitalist Review is an editorial platform focused on the intersection of wealth, impact, and social good. It publishes insights, commentary, and case studies on philanthropy and capital investment.",Creative & Media,"Custom CMS, PHP, CSS","philanthropy journal, social impact, wealth for good, nonprofit leadership",Publishing & Social Impact – Thought Leadership,Publishing / Philanthropy & Social Capital,
https://dotroxdesign.com/,"DOTROX Design is a creative studio offering brand identity, website design, and print collateral services tailored for startups and small-to-medium businesses.",Digital Agency,Custom CMS; WordPress; CSS/JavaScript; contact forms,"branding agency, logo design, website design, print collateral, creative studio",Design Studio – Branding & Web Design,Design & Marketing / Branding & Digital Design,
https://pixperfekt.com/,"Pix Perfekt is a US-based creative agency specializing in website development, UI/UX design, branding, digital marketing, and SEO for startups and small businesses.",Digital Agency,Custom WordPress/CMS with admin portal; embedded media; Google Analytics,"web development agency, UI/UX design, branding services, SEO agency, digital marketing",Web & Branding Agency – Creative & Digital Services,Design & Marketing / Web & Branding Agency,
https://creasions.com/,"Creasions is a full-service web agency delivering end-to-end digital solutions—custom websites, branding, UI/UX design, and digital marketing strategies—for businesses and startups.",Digital Agency,Custom CMS; PHP/JavaScript; portfolio showcases; contact forms; Google Analytics,"web agency, digital agency, website development, branding, UI/UX design, digital marketing",Web & Branding Agency – Digital Agency Services,Design & Marketing / Web & Digital Agency,
https://chef-monkey.com/,"Chef Monkey is a culinary lifestyle brand offering tools, ingredients, and apparel for chefs and cooking enthusiasts. It unites global food lovers through shared passion and top-quality kitchen essentials.",E-commerce,"WordPress, WooCommerce, Elementor, WPForms, Stripe, PHP, MySQL, Hello Elementor, jQuery","chef brand, cooking tools, culinary apparel, kitchen ecommerce, WordPress WooCommerce",Culinary / E-commerce,Food / Culinary E-commerce,
https://insitechstaging.com/demo/vaultofbeauty,Vault of Beauty is a direct-to-consumer cosmetics brand offering high-quality skincare and makeup products through an online storefront with easy checkout and detailed product descriptions.,E-commerce,"Magento-like PHP, JavaScript, CSS","direct-to-consumer beauty, skincare online store, makeup products, beauty checkout",E-commerce – Beauty & Cosmetics,E-commerce / DTC Beauty & Cosmetics,
https://mybeautysite.com/,"My Beauty Site is a wholesale and dropshipping platform offering 20,000+ beauty and salon products with fast U.S. shipping and no minimums.",E-commerce,"Magento, Klaviyo, Tawk.to, TikTok Pixel, Facebook Pixel, Google Analytics","beauty wholesale, dropshipping beauty, salon supplies, cosmetics distributor, no minimums",E-commerce – Beauty Product Distribution,E-commerce / Wholesale Beauty Products,
https://insitechstaging.com/demo/dropshipping/wp/,"This website is built for a dropshipping business model, showcasing an online store framework that enables product sales without holding inventory. It promotes fast setup, ease of automation, and e-commerce scalability.",E-commerce,"WordPress, HTML, CSS","dropshipping, online store, no-inventory business, e-commerce automation, product sourcing, WordPress shop, scalable e-commerce",E-commerce (Dropshipping),E-commerce & Retail,
https://colourpop.com/,"ColourPop is a trendy cosmetics brand offering affordable makeup, including lip products, palettes, brushes, and skincare, available direct-to-consumer worldwide.",E-commerce,"Shopify (e-commerce platform), Google Analytics, Google Ads, TikTok Pixel, Facebook Pixel, Klaviyo?","fire colourpop, affordable makeup, beauty products, lipsticks, makeup palettes, skincare",E‑commerce – Cosmetics & Beauty,Beauty & Cosmetics / DTC Makeup,
https://portfolio.muhammadprojects.com/fabric-life-miami/,"Fabric Life Miami is an online textile retailer offering a curated selection of designer fabrics, upholstery materials, and home décor textiles, with options for sample ordering and bulk purchasing. They serve interior designers, DIY enthusiasts, and home décor brands.",E-commerce,"Shopify-like Liquid, CSS, HTML","designer fabrics, upholstery textiles, home décor materials, fabric retailer",E‑commerce – Home Décor & Textile Retail,E‑commerce / Textile & Décor Retail,
http://fabriclifemiami.com/,"Fabric Life Miami is a textile e‑commerce brand offering designer fabrics, upholstery materials, and home décor textiles, with options for online ordering and bulk purchases.",E-commerce,"Shopify-like Liquid, CSS, HTML","designer fabrics, home décor textiles, upholstery materials, bulk fabric orders",E‑commerce – Home Décor Textiles,E‑commerce / Home Décor & Textile Fabrics,
https://portfolio.muhammadprojects.com/dfop/,"DFOP is a digital-first outdoor products retailer providing high-performance gear for hiking, camping, and adventure sports enthusiasts. They offer curated selections and expert product knowledge.",E-commerce,"Shopify-like Liquid, JS, CSS","outdoor gear, camping equipment, hiking products, adventure retail",E‑commerce – Outdoor Gear Retail,E‑commerce / Outdoor & Adventure Gear,
https://insitechstaging.com/demo/kerry-kinard/,"Chocoblanco is an online clothing store offering trendy apparel for kids, men, and women. The site features a stylish collection and a smooth shopping experience with visual galleries and interactive elements.",E-commerce,"WordPress, WPBakery, Slider, Gallery, Contact Form","clothing store, kids fashion, men's wear, women's wear, online boutique, apparel shop, WordPress fashion site",Online Clothing Store,Fashion & Retail,
https://gf-usa.org/,"GF-USA is a Bronx-based organic household product brand founded in 2023, offering eco-friendly cleaning and personal care items for health-conscious consumers through their online store.",E-commerce,"WordPress, WooCommerce, Elementor, WPForms, Stripe, MailChimp, Apache, PHP, MySQL, Hello Elementor, jQuery","organic products, household goods, WooCommerce store, eco-friendly cleaning, WordPress eCommerce",Organic Products / E-commerce,Organic Living / Household Products,
https://www.kingice.com/,"King Ice is a street‑wear jewelry brand selling hip‑hop inspired pieces—chains, pendants, grillz—with licensed collabs (Pokémon, Halo, Wu‑Tang) via an online storefront.",E-commerce,"Shopify, jQuery, jQuery UI, Firebase, Google Analytics, Google Ads, Google Optimize, hCaptcha, Apple Pay, Google Pay, Twitter Ads, YouTube embed:contentReference[oaicite:1]{index=1}","streetwear jewelry, hip‑hop chains, pokemon jewelry, wu‑tang necklace, grillz, urban jewelry",Retail – Streetwear Jewelry,DTC Fashion & Apparel / Streetwear Jewelry,
https://muhammadprojects.com/democratic-school/,"Democratic School is an educational institution focused on student-led learning, community-driven curriculum, and inclusive classroom environments.",Education & Learning,"WordPress, CSS, Custom JS","alternative education, democratic schooling, student-led learning, inclusive education",Education – Alternative Schooling,Education / Student-Centered School,
https://www.muhammadprojects.com/democratic-school/,"Democratic School is an educational institution focused on student-led learning, community-driven curriculum, and inclusive classroom environments.",Education & Learning,"WordPress, CSS, Custom JS","alternative education, democratic schooling, student-led learning, inclusive education",Education – Alternative Schooling,Education / Student-Centered School,
https://muhammadprojects.com/rhythm-experts/,"Rhythm Experts is a music education center providing drumming workshops, percussion lessons, and group rhythm training for all ages.",Education & Learning,"Shopify-like Liquid, CSS, HTML","drumming workshops, percussion lessons, rhythm training, music education",Education & Arts – Music Lessons,Education / Percussion & Music Education,
https://theater.academy/beta/,"Theater Academy Beta is a performing arts education platform offering theatrical training, classes and workshops via a staged beta interface.",Education & Learning," WordPress,  HTML/CSS, embedded media","theater training, performing arts classes, beta platform, acting workshops",Education & Arts – Theater Training,Education & Arts / Theater Training,
https://portfolio.muhammadprojects.com/kultureinstitue/,"Kulture Institute offers professional hairdressing courses and certification programs, combining hands-on training in cutting, styling, and coloring with theoretical workshops and business mentorship.",Education & Learning,"WordPress, CSS, JavaScript","hairdressing courses, professional salon training, hair styling certification, cosmetology education",Education & Training – Hairdressing Academy,Education / Hairdressing & Beauty Training,
https://muhammadprojects.com/telepathy-academy/,"Telepathy Academy provides online courses and workshops focused on intuitive development, mindfulness training, and personal empowerment techniques.",Education & Learning + Health & Wellness,"WordPress, JavaScript, CSS","intuitive development, mindfulness courses, personal empowerment, spiritual academy",Education & Wellness – Intuitive Training,Education & Wellness / Intuitive & Mindfulness Training,
https://portfolio.muhammadprojects.com/drink-n-spin/,"Drink ‘N Spin is an entertainment and beverage service that combines mobile bars with DJ entertainment for events like weddings, corporate parties, and private celebrations. They offer customizable packages to match any event theme.",Event Planning,"Custom PHP, JavaScript, CSS","mobile bar service, event DJ, wedding entertainment, beverage catering",Entertainment Services – Mobile Bar & DJ Events,Events & Entertainment / Mobile Bar & DJ Services,
https://insitechstaging.com/demo/westminsterparty/,"Westminster Party Rentals provides high-quality tents, tables, chairs, and event accessories for all types of gatherings. Whether it's a backyard celebration or a large corporate event, the site promotes a reliable and stylish rental experience.",Event Planning,"WordPress, Elementor, Contact Form 7","party rentals, event tents, table and chair rental, event setup, celebration supplies, outdoor event rental, wedding tents, WordPress Elementor",Event Rentals,Events & Celebrations,
https://muhammadprojects.com/enchanted,"Enchanted is an event planning and design studio specializing in weddings, corporate events, and themed celebrations with full-service coordination.",Event Planning,"Elementor, WordPress, CSS","event planning, wedding design, corporate events, themed celebrations",Events & Planning – Event Design & Coordination,Event Services / Full-Service Event Planning,
https://aspectstaging.com/,"Aspect Staging specializes in event staging, lighting, AV rental & production services across events and exhibitions in the U.S.",Event Planning, WordPress; Vimeo/YouTube embeds; contact forms; analytics,"event staging, AV rental, exhibition production, lighting services, stage design",Events & Production – Staging & AV Services,Event Services / Staging & AV Production,
https://muhammadprojects.com/beauty-salon/,"Beauty Salon provides professional hair, skincare, manicure, and pedicure services with a focus on luxury treatments and personalized customer experiences.",Fashion & Beauty,"WordPress, HTML, CSS","salon services, hair styling, skincare treatments, luxury manicure/pedicure",Beauty & Personal Care – Salon Services,Beauty & Personal Care / Luxury Salon Services,
http://hanyanurcollections.com/,Hanyanur Collections is a boutique online store offering artisan handmade ethnic jewelry and fashion accessories with a focus on elegance and modest style.,Fashion & Beauty, WooCommerce; HTML; Instagram widgets,"handmade jewelry, ethnic accessories, artisanal fashion, modest style gifts",Fashion & Accessories – Artisan Jewelry,Fashion & Accessories / Artisan Jewelry,
https://muhammadprojects.com/florentine-jewelry,"Florentine Jewelry is a luxury jewelry brand offering handcrafted fine jewelry collections including rings, necklaces, and bespoke custom pieces.",Fashion & Beauty,"Bespoke CMS, HTML, CSS","fine jewelry, handcrafted jewelry, custom rings, bespoke necklaces",Fashion & Accessories – Fine Jewelry,Fashion & Accessories / Luxury Jewelry,
https://www.muhammadprojects.com/florentine-jewelry/,"Florentine Jewelry is a luxury jewelry brand offering handcrafted fine jewelry collections including rings, necklaces, and bespoke custom pieces.",Fashion & Beauty,"Bespoke CMS, HTML, CSS","fine jewelry, handcrafted jewelry, custom rings, bespoke necklaces",Fashion & Accessories – Fine Jewelry,Fashion & Accessories / Luxury Jewelry,
https://hanyanurcollections.com/,Hanyanur Collections is a boutique for handmade jewelry and ethnic fashion accessories with a focus on elegance and tradition.,Fashion & Beauty,Shopify; low detection,"handmade jewelry, ethnic accessories, hijab pins, modest fashion, women’s jewelry",Fashion & Accessories – Handmade Jewelry,Fashion & Accessories / Artisan Jewelry,
https://muhammadprojects.com/sea-glass/,"Sea Glass is a handcrafted jewelry brand specializing in sea-glass necklaces, bracelets, and coastal-inspired accessories.",Fashion & Beauty,"WordPress, Elementor, CSS sea glass jewelry, coastal accessories, handmade necklaces, beach-inspired jewels",Fashion & Accessories / Coastal Handmade Jewelry,Fashion & Accessories – Handmade Jewelry,,
https://muhammadprojects.com/jack-rose/,"Jack Rose is a handcrafted leather goods boutique offering premium leather bags, wallets, and accessories made using traditional techniques and high-quality materials.",Fashion & Beauty,"Shopify-like Liquid, CSS, HTML","leather bags, handmade wallets, leather accessories, artisan leather goods",Fashion & Accessories – Leather Goods Retail,Fashion & Accessories / Premium Leather Boutique,
https://portfolio.muhammadprojects.com/preppylittlemissy/,"Preppy Little Missy is a children's fashion boutique offering curated collections of apparel, accessories, and seasonal wear for young girls.",Fashion & Beauty,"Shopify-like Liquid, CSS, HTML","kids clothing, girls fashion boutique, children's apparel, seasonal collections",Fashion & Apparel – Children's Boutique,Fashion & Apparel / Kids Fashion & Boutique,
https://insitechstaging.com/demo/eric-scott/,"Eric Scott is a contemporary clothing boutique offering a curated collection of men's and women's fashion, including statement pieces, seasonal collections, and accessory lines.",Fashion & Beauty,"Shopify-like Liquid, HTML, CSS","boutique clothing, contemporary fashion, statement apparel, seasonal collections",Fashion & Apparel – Clothing Boutique,Fashion & Apparel / Boutique Clothing,
https://insitechstaging.com/demo/limitless-equine,"Limitless Equine specializes in equestrian apparel and gear, offering high-quality horse riding clothing, saddle pads, and equine accessories designed for comfort and performance.",Fashion & Beauty,"WordPress, CSS, JavaScript","equestrian clothing, horse riding gear, saddle pads, equine apparel",Fashion & Apparel – Equestrian Apparel,Fashion & Apparel / Equestrian Clothing,
https://muhammadprojects.com/BrushWolfClothing/,"BrushWolf Clothing is a fashion brand offering streetwear apparel, hoodies, and graphic tees designed for bold self-expression and urban style.",Fashion & Beauty,"Shopify-like Liquid, HTML, CSS","streetwear clothing, graphic tees, hoodies, urban fashion brand",Fashion & Apparel – Streetwear,Fashion & Apparel / Streetwear Apparel,
https://chiheirluums.com/,"Chi Heirluums creates premium organic cotton embroidered apparel and personalized heirloom gifts (crewnecks, hoodies, blankets) with eco-conscious and sustainable practices.",Fashion & Beauty,"Shopify/WooCommerce-like (custom), Instagram embed; organic cotton, OEKO-TEX mentions; basic HTML/CSS","personalized organic cotton apparel, embroidered heirloom gifts, eco-friendly clothing, custom embroidery",Fashion & Apparel – Sustainable & Personalized Textile Gifts,Fashion & Apparel / Personalized Sustainable Textile Gifts,
https://geraldinegarcia.net/,"Geraldine Garcia is a handcrafted fashion designer (pants, skirts, sets), offering curated sustainable collections via Shopify.",Fashion & Beauty,"Shopify, Liquid, Shopify CDN, Google Analytics","handcrafted fashion, sustainable clothing, designer pants, bridal sets, fashion collections",Fashion & Apparel – Sustainable Designer Clothing,Fashion & Apparel / Sustainable Womenswear,
https://insitechstaging.com/demo/ferno/,"FERNO LTD is a lifestyle and fashion brand delivering bold graphic designs inspired by ambition and individuality. Their collections represent inner fire and self-expression, blending luxury streetwear with motivational messaging.",Fashion & Beauty,"WordPress, HTML, CSS, Animation, Bootstrap","lifestyle brand, graphic apparel, motivational clothing, fashion design, bold streetwear, inspirational fashion, WordPress clothing brand",Fashion & Lifestyle,Streetwear & Inspirational Fashion,
https://insitechstaging.com/demo/terra-nova/,"Terra Nova is an e-commerce platform offering a unique mix of streetwear fashion and music equipment. The site showcases clothing and gear for creatives, combining style and sound in a single lifestyle brand.",Fashion & Beauty,"WordPress, WooCommerce, Elementor, Next.js, React, PHP, MySQL, Slider Revolution, MailChimp, CallRail","music gear, streetwear, creative apparel, DJ equipment, clothing and audio, WordPress WooCommerce site, lifestyle brand",Fashion & Music Gear,Streetwear & Music Accessories,
https://muhammadprojects.com/crescent-trading/,"Crescent Trading is a commodities and futures brokerage firm offering trading platforms, market analysis, and risk management services to investors.",Financial Services,"HTML, CSS, JavaScript, React","commodity trading, futures brokerage, market analysis, risk management",Finance – Commodity Trading & Brokerage,Finance & Investment / Commodity Trading,
https://amplifycapgroup.com/,"Amplify Capital Group provides M&A advisory, debt & minority equity capital placement, and sale‑leaseback solutions nationally (US), focused on medium‑sized businesses and real estate.",Financial Services,HTML; CSS Node.JS,"“M&A advisory, capital raising, debt restructuring, minority equity placement,-sale leaseback, business brokerage”",Finance – Mergers & Acquisitions & Capital Advisory,Finance / M&A & Capital Advisory,
https://muhammadprojects.com/chain-mortgage/,"Chain Mortgage is a financial services company providing residential and commercial mortgage lending, refinancing solutions, and personalized loan guidance.",Financial Services,"Custom PHP, HTML, CSS,mortgage lending, refinancing services, home loans, commercial mortgages",Finance & Real Estate / Mortgage Lending,Finance – Mortgage Lending,,
https://portfolio.muhammadprojects.com/greenwayv1/,"Greenway is a mortgage lending provider offering home loan approvals, refinancing options, and digital application processing with personalized rate comparisons and customer support.",Financial Services,"WooCommerce-like PHP, JavaScript, CSS","mortgage lender, home loans, refinancing options, mortgage application platform",Finance – Mortgage Lending & Home Loans,Finance & Real Estate / Digital Mortgage Services,
https://portfolio.muhammadprojects.com/app-stock-exchange/,"App Stock Exchange is a fintech platform providing stock market analytics, trade execution tools, and portfolio tracking for retail and institutional investors. Their interface supports real-time market data and customizable trading strategies.",Financial Services,"React, Node.js, CSS, HTML","stock trading app, portfolio tracking, real-time market data, investment analytics",Finance Technology – Trading & Investment Platform,Finance & Tech / Trading & Investment Tech,
https://insitechstaging.com/demo/financial-literacy/,"Noir Moolah is a financial advocacy platform focused on uncovering hidden financial opportunities and unclaimed assets. The site emphasizes transparency, empowerment, and providing the tools and support needed for individuals to achieve financial equity and reclaim lost funds.",Financial Services,"WordPress, WooCommerce, Elementor, WPBakery, PHP, MySQL, Bootstrap 5, Cloudflare, Slider Revolution, GSAP, jQuery, FancyBox","financial literacy, unclaimed funds, hidden assets, money recovery, financial empowerment, reclaim assets, equitable finance, WordPress Elementor",Financial Services,Finance & Education,
https://portfolio.muhammadprojects.com/corey-roehl/,"Corey Roehl is a financial advisor providing retirement planning, asset management, and personalized investment strategies. They build relationships with clients to deliver tailored financial roadmaps and fiduciary guidance.",Financial Services,"WordPress, Elementor, CSS, JavaScript","retirement planning, asset management, financial advisor, investment strategy",Financial Services – Wealth Management,Finance & Investment / Wealth Management,
https://overeasyhospitality.info/,"Over Easy Hospitality provides over 600 fully and semi-furnished midterm and short-term rental homes across the U.S., ideal for professionals, displaced families, and insurance housing. Their rentals offer clean, cozy living spaces with reliable service from experienced hosts.",Financial Services,"WordPress, Elementor, WPForms, PHP, MySQL, Hello Elementor, Google Fonts, jQuery","short-term rentals, midterm housing, furnished homes, insurance housing, business travel stays, WordPress Elementor rentals",Housing Insurance,Hospitality / Temporary Housing,
https://insitechstaging.com/demo/wyatt-johnson/,"Empower Care Insurance helps individuals confidently navigate insurance decisions with personalized plans. The site promotes flexibility, transparency, and educational tools to make informed choices in health and life coverage.",Financial Services,"WordPress, WooCommerce, Elementor, Next.js, React, PHP, MySQL, Bootstrap, MailChimp, Calendly, Contact Form 7","insurance plans, healthcare coverage, insurance choice, benefit selection, WooCommerce insurance site, WordPress insurance agency, personalized insurance",Insurance & Financial Services,Health Insurance & Financial Planning,
https://insitechstaging.com/demo/DL-Tax-solution/,"DL Tax Solutions offers personalized tax preparation, notary services, and bookkeeping with over 20 years of industry experience. Based in Temecula, CA, the company focuses on helping clients make informed financial decisions with expert guidance and care.",Financial Services,"WordPress, Custom PHP, HTML, Custom CSS","tax preparation, bookkeeping services, notary public, small business taxes, financial consulting, Temecula tax expert, WordPress finance site",Tax & Financial Services,Accounting & Tax Services,
https://insitechstaging.com/demo/boiling-wit/,"Boiling WiT is a seafood boil company serving up flavorful dishes like shrimp, crawfish, snow crabs, blue crabs, and more. The site promotes their vibrant, fast-service seafood experience and allows for online ordering and event catering.",Food & Hospitality,"WordPress, HTML, WooCommerce, Online Ordering","seafood boil, shrimp and crab, crawfish boil, food service, crab catering, online food ordering, seafood delivery, WordPress food business",Food & Beverage,Restaurant & Catering,
https://muhammadprojects.com/pita-street-food/,"Pita Street Food is a casual dining restaurant offering Mediterranean-style pita wraps, grilled specialties, and fresh salads in a quick-service format.",Food & Hospitality,"WooCommerce-like PHP, JavaScript, CSS","mediterranean wraps, pita sandwiches, street food restaurant, grilled specialties",Food & Beverage – Casual Restaurant,Food & Beverage / Mediterranean Street Food,
https://muhammadprojects.com/sweet-treat-temptations/,"Sweet Treat Temptations is a dessert boutique offering handcrafted cakes, pastries, chocolates, and confectionary gifts for special events.",Food & Hospitality,"Shopify-like Liquid, JavaScript, CSS","dessert boutique, handcrafted pastries, custom cakes, confectionary gifts",Food & Beverage – Dessert Boutique,Food & Beverage / Boutique Dessert Shop,
https://muhammadprojects.com/steak-for-breakfast/,Steak for Breakfast is a gourmet restaurant specializing in premium steak dishes served in a relaxed breakfast and brunch setting.,Food & Hospitality,"WooCommerce-like Liquid, CSS, HTML","gourmet steak brunch, premium steak dishes, breakfast restaurant, brunch dining",Food & Beverage – Gourmet Restaurant,Food & Beverage / Gourmet Steak Brunch,
https://insitechstaging.com/demo/lazzat,"Lazzat is a food and beverage brand specializing in authentic South Asian cuisine. They offer dine-in, takeaway, and online ordering for traditional meals and chef-inspired recipes.",Food & Hospitality,"Shopify-like Liquid, CSS, HTML","indian food, desi cuisine, online food order, south asian restaurant",Food & Beverage – Restaurant & Food Brand,Food & Beverage / South Asian Cuisine,
https://muhammadprojects.com/Blue-mermaid-restaurant/,"Blue Mermaid Restaurant is a seaside dining establishment specializing in fresh seafood, coastal cuisine, and a relaxed ocean-view atmosphere.",Food & Hospitality,"WooCommerce-like PHP, JavaScript, CSS","seafood restaurant, coastal dining, fresh fish menu, ocean-view restaurant",Food & Beverage – Seafood Restaurant,Food & Beverage / Coastal Seafood Dining,
https://portfolio.muhammadprojects.com/paramount/,Paramount is an upscale hospitality brand managing luxury boutique hotels and serviced residences with emphasis on curated guest experiences and designer interiors.,Food & Hospitality,"WordPress, JavaScript, CSS","boutique hotel, luxury residences, curated stays, hospitality management",Hospitality – Boutique Hotel & Residences,Hospitality / Luxury Boutique Accommodations,
https://insitechstaging.com/demo/gary-yancy/,"This website promotes a local wing restaurant known for serving the best hot and ready wings in town. It highlights bold flavors, quick service, and a passion for satisfying local cravings.",Food & Hospitality,WordPress,"hot wings, chicken wings, local food, quick eats, fast food wings, spicy chicken, WordPress food site",Restaurant,Food & Dining,
https://portfolio.muhammadprojects.com/esporter/,"eSporter is an e‑sports event management platform offering tournament hosting, competitor registration, real-time brackets, and live-stream integration for gaming leagues.",Gaming,"Custom PHP, HTML, CSS","e-sports tournaments, gaming event platform, competitor registration, live-stream brackets",eSports & Gaming – Digital Tournament Platform,eSports & Gaming / Competitive Tournament Management,
https://muhammadprojects.com/immune-central/,"Immune Central is a wellness platform offering health supplements, immune support products, and expert guidance on nutrition and natural therapies.",Health & Wellness,"Shopify-like Liquid, CSS, JavaScript","immunity supplements, wellness products, natural therapies, health nutrition",Health & Wellness – Immune Support Products,E-commerce / Wellness Supplements,
https://sequoiatherapy.com/,"Sequoia Therapy offers DBT, RO‑DBT, individual, couples & group therapy in Brooklyn/MA via in‑person and teletherapy to address anxiety, depression, trauma, life transitions.",Health & Wellness,"WordPress (Brighter Vision), basic forms, Instagram/YouTube embeds","“DBT therapy Brooklyn, RO‑DBT, virtual therapy, couples counseling, group therapy, trauma therapy”",Health & Wellness – Mental Health Therapy,Mental Health / Therapy Services,
https://portfolio.muhammadprojects.com/mobilemodality/,"Mobile Modality offers mobile wellness services with on-site massage therapy and yoga sessions, designed for events, corporate wellness programs, and home visits to promote relaxation and stress relief.",Health & Wellness,Service,"React, HTML, CSS",Health & Wellness – Mobile Massage & Yoga,"mobile massage therapy, on-site yoga sessions, corporate wellness, event massage services",Health & Wellness / Mobile Massage & Yoga Services
https://portfolio.muhammadprojects.com/functional-remedies/,"Functional Remedies offers natural wellness products formulated with cannabinoids and herbal blends, targeting stress relief, pain management, and mental clarity through holistic care.",Health & Wellness,"HTML, CSS, JavaScript","cannabinoid wellness, natural supplements, holistic health, stress relief",Health & Wellness – Natural Remedies & Supplements,Health & Wellness / Natural Healing & CBD Products,
https://www.darrenmain.com/,"Darren Main is a wellness expert offering yoga, meditation, massage therapy, Q-MindBody programs and mindful entrepreneurship coaching.",Health & Wellness,WordPress; embedded video; email opt-ins; analytics; custom CSS,"yoga teacher, meditation coach, massage therapy, mindful living, Q-MindBody, wellness coaching","Health & Wellness – Yoga, Meditation & Coaching",Health & Wellness / Mindful Living & Coaching,
https://muhammadprojects.com/jill-baker/,"Jill Baker is a personal brand for a lifestyle coach and speaker offering workshops, online courses, and motivational coaching programs.",Health & Wellness,"WordPress, Custom CSS, JavaScript","lifestyle coach, motivational speaker, online workshops, personal development coaching",Professional Services – Lifestyle Coaching,Professional Services / Lifestyle Coaching & Workshops,
https://www.legendnt.com/,"Legend Networking provides IT support and infrastructure services for dental practices, including startups, established clinics, and multi-location DSOs. Their offerings include HIPAA compliance, cybersecurity, VoIP, cloud services, surveillance, and more.",Health & Wellness + Medical Services,"Elementor, Google Analytics, AdRoll, Twemoji, Apache, OpenResty","dental IT support, HIPAA compliance, dental VoIP, dental cybersecurity, dental cloud solutions, managed IT for dentists",Business / Professional Services – Dental & Healthcare IT,"Dental practices including startups, single-office clinics, and multi-location DSOs",
https://muhammadprojects.com/law-order/,"Law & Order is a legal consultancy providing criminal defense, family law, and civil litigation representation with experienced attorneys.",Legal Services,"Custom PHP, HTML, CSS","criminal defense, family law attorney, civil litigation, legal representation",Legal Services – Criminal & Family Law,Legal Services / Criminal & Family Law,
https://muhammadprojects.com/maineri-law-firm/,"Maineri Law Firm is a boutique legal firm specializing in estate planning, business formation, and probate law for individuals and small businesses.",Legal Services,"WordPress, Elementor, CSS, HTML","estate planning lawyer, business formation, probate law, boutique legal services",Legal Services – Estate Planning & Business Law,Legal Services / Estate & Business Law,
https://www.muhammadprojects.com/maineri-law-firm/,"Maineri Law Firm is a boutique legal practice specializing in estate planning, business formation, probate law, and tax structuring. With a client-focused approach, they guide individuals and SMEs through complex legal processes with personalized advice and strategic planning.",Legal Services,"WordPress, Elementor, CSS, HTML","estate planning lawyer, business law firm, probate services, tax structuring",Legal Services – Estate Planning & Business Law,Legal Services / Estate & Business Law,
https://portfolio.muhammadprojects.com/injury-lawyer/,"Injury Lawyer is a legal practice specializing in personal injury representation for clients injured in auto accidents, workplace incidents, and medical malpractice, offering consultation and trial advocacy.",Legal Services,"WordPress, Elementor, CSS","personal injury lawyer, accident claims, medical malpractice attorney, injury consultation",Legal Services – Personal Injury Law,Legal Services / Personal Injury Representation,
https://www.katesnussman.com/,"Kates Nussman Ellis Farhi & Earle is a NJ/NY law firm specializing in commercial litigation, employment, estate planning, real estate & municipal law.",Legal Services," custom CMS, standard web contact form ","NJ law firm, commercial litigation, employment law, estate planning lawyer, municipal law",Professional Services – Law Firm (Commercial & Employment Law),New York–New Jersey Legal / Commercial Law,
https://insitechstaging.com/demo/titans/,"Titans is a bold, brand-driven website that appears to promote a high-energy lifestyle, product, or organization. While specific content isn't provided, the site likely focuses on empowerment, strength, or performance branding.",Lifestyle / Brand,WordPress ,"performance brand, lifestyle identity, bold branding, modern design, WordPress showcase, motivational visuals",Lifestyle / Brand,Personal Branding / Lifestyle,
https://unec.co/,"UNEC (United Engineering Construction) is a general contracting and construction firm in UAE specializing in large-scale commercial, civil, and infrastructure projects since 1976.",Manufacturing & Industrial,"HTML/CSS, possible custom CMS; LinkedIn and social embeds; Cloud hosting","UAE construction firm, general contracting, infrastructure projects, commercial construction",Construction & Engineering – General Contracting,Construction & Engineering / General Contracting,
https://stvaonline.com/,"STVA Scaffold provides industrial scaffolding & shoring systems (frame, tube & clamp, ring lock) across the US, with manufacturing, rentals & engineering services.",Manufacturing & Industrial,"WooCommerce  custom CMS with Cloudflare, MySQL, DreamWeaver, Font Awesome, ","scaffolding systems, ring lock scaffolding, industrial shoring, construction rentals, OSHA compliant scaffolding",Construction & Manufacturing – Scaffolding & Shoring Systems,Construction & Safety / Industrial Scaffolding,
https://insitechstaging.com/demo/twb-company/,"TWB Company provides engineering and technical support services focused on water and wastewater infrastructure, pipeline engineering, and asset rehabilitation for municipal and industrial clients.",Manufacturing & Industrial,"Custom PHP, HTML, CSS","wastewater solutions, pipeline engineering, infrastructure rehabilitation, municipal water services",Engineering & Infrastructure – Water & Wastewater Engineering,Infrastructure Engineering / Water & Wastewater Services,
https://insitechstaging.com/demo/brochure-design/,"Concept Creative Solution Inc. is an industrial services provider specializing in lifting, moving, and construction equipment. The site emphasizes operational efficiency, safety, and comprehensive project execution backed by expert handling and advanced machinery.",Manufacturing & Industrial,"WordPress, WooCommerce, Elementor, WPBakery, PHP, MySQL, Bootstrap 5, Cloudflare, Slider Revolution, GSAP, jQuery, FancyBox","lifting equipment, construction machinery, industrial services, equipment rentals, machinery handling, heavy-duty solutions, WordPress Elementor",Industrial Services,Industrial & Construction,
https://insitechstaging.com/demo/steve-grinding/,"Steve’s Grinding and Contracting is a service-driven company offering precision grinding and surface preparation. With years of experience and advanced equipment, they continue to deliver consistent quality through evolving leadership.",Manufacturing & Industrial,"WordPress, HTML, CSS, Google Maps, Slider","concrete grinding, surface preparation, contracting services, heavy equipment, flooring services, WordPress industrial site",Industrial Services,Industrial & Construction,
https://muhammadprojects.com/industrial-environmental/,"Industrial Environmental provides industrial cleaning and environmental remediation services, including hazardous waste management, site decontamination, and pollution control solutions for manufacturing facilities.",Manufacturing & Industrial,"WordPress, HTML, CSS","industrial cleaning, hazardous waste, site remediation, pollution control",Industrial Services – Environmental Remediation,Industrial Services / Environmental Cleanup,
https://www.muhammadprojects.com/industrial-environmental/,"Industrial Environmental provides industrial cleaning and environmental remediation services, including hazardous waste management, site decontamination, and pollution control solutions for manufacturing facilities.",Manufacturing & Industrial,"WordPress, HTML, CSS","industrial cleaning, hazardous waste, site remediation, pollution control",Industrial Services – Environmental Remediation,Industrial Services / Environmental Cleanup,
https://muhammadprojects.com/canadian-joist/,"Canadian Joist manufactures and distributes engineered wood products for construction, including joists, beams, and structural lumber for residential and commercial projects.",Manufacturing & Industrial,"Custom PHP, JavaScript, CSS","engineered wood, joists supplier, structural lumber, construction materials",Manufacturing – Engineered Wood Products,Construction & Building Materials / Engineered Wood,
https://insitechstaging.com/demo/price-refractory/,"Price Refractory is a supplier of high-performance refractory materials used in industrial furnaces, kilns, and high-heat processing environments. They provide custom solutions for heavy manufacturing sectors.",Manufacturing & Industrial,"HTML, CSS, React","refractory materials, kiln insulation, high-temp supplies, furnace parts",Manufacturing – Industrial Materials Supplier,Manufacturing / High-Temp Industrial Materials,
https://muhammadprojects.com/allied-extract/,"Allied Extract is a specialty chemical supplier delivering industrial-grade extracts and natural compounds for food, cosmetics, and pharmaceutical clients.",Manufacturing & Industrial,"Custom PHP, HTML, CSS","specialty extracts, chemical supplier, industrial compounds, food-grade chemicals",Manufacturing – Specialty Chemical Supply,Manufacturing / Specialty Chemical Distribution,
https://portfolio.muhammadprojects.com/valence-chems/,"Valence Chems is a specialty chemical manufacturer supplying custom formulations and industrial-grade reagents for research, pharmaceuticals, and manufacturing sectors. They ensure quality control, compliance, and tailored product development.",Manufacturing & Industrial,"Custom PHP, HTML, CSS","specialty chemicals, custom formulations, pharmaceutical reagents, industrial supplies",Manufacturing – Specialty Chemicals,Manufacturing / Custom Chemical Production,
https://portfolio.muhammadprojects.com/archangelsafetyllc/,"Archangel Safety LLC provides industrial safety consulting, on-site risk assessments, PPE training, and compliance auditing for manufacturing and construction operations. Their mission is to help businesses maintain safe and regulatory-compliant workplaces.",Manufacturing & Industrial,"WordPress, HTML, CSS","industrial safety consulting, PPE training, risk assessment, compliance auditing",Safety & Compliance – Industrial Safety Consulting,Safety & Compliance / Industrial Workplace Safety,
https://www.ochealthysmiles.com/,"OC Healthy Smiles is a full-service dental and cosmetic practice in Costa Mesa, CA offering Invisalign, veneers, implants, whitening, oral surgery & family dentistry using advanced technology.",Medical Services,"WordPress (Plastic Surgery Studios), video/photo embeds; analytics; social links; online booking","Oc Healthy Smiles, Invisalign Costa Mesa, dental implants, cosmetic dentistry, family dental care",Health & Wellness – Dental & Cosmetic Dentistry,Dental / Cosmetic & General Dentistry,
https://muhammadprojects.com/myopia-control/,"Myopia Control is an optometry and eye care clinic specializing in myopia management, vision therapy, and pediatric optical services.",Medical Services,"WordPress, HTML, CSS,myopia treatment, vision therapy, pediatric eye care, optometry clinic",Health & Wellness / Pediatric Eye Care,Health & Wellness – Eye Care & Vision Therapy,Home & Decor / Luxury Textiles,
https://portfolio.muhammadprojects.com/click/,"Click is a medical diagnostics provider specializing in COVID‑19 test kits and rapid testing services. They supply healthcare facilities, clinics, and mobile testing units with reliable, FDA‑approved test solutions.",Medical Services,"WordPress, JavaScript, CSS","COVID‑19 test kits, medical diagnostics, rapid testing, healthcare testing labs",Healthcare – Medical Diagnostics & Testing,Healthcare / Diagnostic Testing Services,
https://dallasmdassociates.com/,"Dallas MD Associates is a multi-specialty medical group based in Dallas, TX offering internal medicine, pain management, cardiology, preventive care, and diagnostic services to patients across the region.",Medical Services,Custom HTML or WordPress CMS; embedded forms; Google Analytics,"Dallas medical clinic, internal medicine, cardiology, pain management, diagnostic services",Healthcare – Medical Practice & Specialty Clinics,Healthcare / Specialty Medical Practice,
https://portfolio.muhammadprojects.com/toons-ville/,Toons Ville is a digital art and NFT project focused on unique cartoon-style collectibles. It combines storytelling and blockchain to offer limited-edition NFTs with character-driven narratives and community engagement.,NFT & Blockchain,"React, HTML, CSS","digital collectibles, NFT art, cartoon NFTs, blockchain collectibles",Crypto & Web3 – NFT Collectibles,Crypto & NFT / Cartoon-Style NFT Projects,
https://raleighgradgrooves.com/,"Official site of the Raleigh Graduate Chapter of Groove Phi Groove SFI, promoting community service, academic excellence, brotherhood, and social awareness through leadership and ethical values.",Non-Profit & NGO,"WordPress, Elementor, Apache, PHP, MySQL, Hello Elementor, jQuery","fraternity website, Groove Phi Groove, non-profit, community service, WordPress site",Non-Profit ,Fraternity / Social Fellowship,
https://insitechstaging.com/demo/rgc-groove/,"RGC Groove is the official site of the Raleigh Graduate Chapter of Groove Phi Groove Social Fellowship Inc. Focused on brotherhood, service, and political awareness, the site reflects their mission to foster community impact and unity.",Non-Profit & NGO,"WordPress, Elementor, Contact Form 7, Gallery, Slider","social fellowship, Groove Phi Groove, brotherhood, political awareness, community service, fraternity site, WordPress nonprofit",Non-Profit Organization,Fraternity & Community Service,
https://wilsoncommunityoutreach.org/,"Wilson Community Outreach is a nonprofit organization supporting the homeless and other community services through state-funded grants and donations. Founded in 2017, they work closely with cities and counties to uplift citizens in need.",Non-Profit & NGO,"WordPress, WooCommerce, Elementor, Stripe, PHP, MySQL, MediaElement.js, reCAPTCHA","nonprofit organization, community outreach, homeless support, donations, grant-based programs, GiveWP, WooCommerce nonprofit site",Nonprofit / Community Services,Humanitarian Aid / Social Services,
https://muhammadprojects.com/donation-nation,"Donation Nation is a charitable fundraising platform enabling nonprofits to create campaigns, collect donations, and engage communities through online giving tools.",Non-Profit & NGO,"WordPress, Plugin integration, HTML, CSS","fundraising platform, online donations, nonprofit fundraising, donation campaigns",Nonprofit Tech – Fundraising & Donation Management,Nonprofit & Community / Online Fundraising Platforms,
https://insitechstaging.com/demo/calgary-markets/,"Calgary Markets is a community-focused platform dedicated to organizing Muslim-friendly events, group tours, cultural markets, and family-friendly activities. The site promotes social engagement through halal events and Islamic-centered gatherings.",Non-Profit & NGO / Event Planning,WordPress,"Muslim events, Islamic tours, halal activities, community gatherings, Muslim-friendly travel, Islamic markets, cultural events, WordPress site",Community Events & Tours,Cultural Events & Faith-Based Tourism,
https://insitechstaging.com/demo/soldier-mountain-highland/,Soldier Mountain Highland is a meat-focused website showcasing farm-to-table quality and a rustic brand identity. The site likely promotes local meat products or a specialty butcher experience.,Organic Farming & Agriculture,"WordPress, HTML, WPBakery","meat supplier, farm to table, butcher shop, fresh meat, WordPress meat site, local farming",Meat & Farming,Food & Agriculture,
https://insitechstaging.com/demo/organx/,"Organx is a family-owned organic farm offering free-range eggs, unpasteurized honey, fruit, and chick breeding supplies. With a commitment to sustainable agriculture, the site promotes eco-friendly farming practices and farm-to-table living.",Organic Farming & Agriculture,"WordPress, WooCommerce, Next.js, React, Elementor, WPBakery, Apache, MailChimp, GSAP, jQuery, FancyBox","organic farming, free-range eggs, raw honey, chick breeding, sustainable agriculture, beekeeping supplies, WordPress farm site",Organic Farming & Agriculture,Agriculture & Sustainability,
https://muhammadprojects.com/moore-exotics/,"Moore Exotics is a specialty pet store offering exotic fish, reptiles, and small mammals alongside habitat supplies and care guidance.",Pet Care,"WooCommerce-like PHP, CSS, HTML","exotic pets, reptile supplies, fish tank store, small mammal care",Pet & Animal Services – Exotic Pet Store,Pet & Animal Services / Exotic Pets & Supplies,
https://prestigepet-sitting.net/,"Prestige Pet Sitting provides bonded & insured premium pet-care services including in-home sitting, grooming, and daycare in the New River Valley region since 2005.",Pet Care," HTML/CSS, likely custom CMS; reCAPTCHA; cookies","pet sitting NRV, bonded pet care, pet grooming, pet daycare",Pet Services – Premium Pet Care,Pet Services / Premium Pet Care,
https://www.teccolorcraft.com/,"Tec Color Craft offers custom printing for stickers, decals, packaging, banners, and more, serving businesses since 1961.",Print & Graphic – Digital Printing & Signage,"jQuery, Typekit, Font Awesome, Google Fonts, PHP","custom sticker printing, vinyl labels, custom decals, packaging printing, screen printing",Manufacturing & Printing – Custom Packaging & Stickers,Print & Manufacturing / Custom Stickers & Labels,
https://portfolio.muhammadprojects.com/tech-color/,"Tech Color is a digital print and graphic production company offering large-format signage, vehicle wraps, custom decals, and branding materials for businesses.",Print & Graphic – Digital Printing & Signage,"Custom PHP, HTML, CSS","large-format printing, vehicle wraps, custom decals, branding graphics",Print & Graphic – Digital Printing & Signage,Print & Signs / Large-Format Printing,
https://muhammadprojects.com/jodi-picoult/,"Jodi Picoult is a personal brand for an author and speaker offering book releases, speaking engagements, and interactive reader events.",Professional Services,"Custom CMS, PHP, CSS","book author, public speaking, interactive events, literary author",Professional Services – Author & Speaker,Professional Services / Author & Public Speaker,
https://bhisciences.com/,"BHI Sciences is a biotech consulting and contract service provider offering testing, regulatory guidance, and data management support for life science research.",Professional Services,"Custom CMS with HTML/CSS, analytics; data sheet downloads; CMS forms","biotech consulting, regulatory testing, life science services, contract research",Professional Services – Biotechnology Consulting,Professional Services / Biotechnology Consulting,
https://insitechstaging.com/demo/jeff-macgrandles/,"Jeff MacGrandles is a personal brand of a business coach specializing in leadership development, executive coaching, and strategic growth planning for professionals.",Professional Services,"WordPress, Elementor, HTML, CSS","executive coach, leadership development, business growth coaching, strategic consulting",Professional Services – Executive Coaching,Professional Services / Executive Coaching & Consulting,
https://arpsurveyors.com.au/,"ARP Surveyors provides land, boundary, detail and strata subdivision survey services for civil, construction, mining & property development projects across NSW, Australia.",Professional Services,CMS (custom) with contact forms; LinkedIn integration;HTML/CSS,"land surveying, boundary survey NSW, detail plans, strata subdivision, civil engineering surveys",Professional Services – Land & Engineering Surveying,Professional Services / Land & Engineering Surveying,
https://blackcedarinvestments.com/,Black Cedar Investments is a real estate investment firm (multifamily syndication) providing cash‑flowing passive investment opportunities in UT & TX for busy professionals.,Real Estate,"HTML,CSS, Wordpress, Elementor","“multifamily investment, real estate syndication, passive real estate, cash‑flow investing, Utah real estate”",Finance – Real Estate Investment Syndication,Finance / Passive Real Estate Investing,3
https://portfolio.muhammadprojects.com/precision-valuation/,"Precision Valuation offers professional property and business valuation services, delivering detailed appraisals, market analysis, and expert reports for financial and acquisition needs.",Real Estate,"Custom CMS, PHP, CSS","property valuation, business appraisal, market analysis, financial reporting",Finance & Real Estate – Valuation Services,Finance & Real Estate / Valuation & Appraisal Services,7
https://portfolio.muhammadprojects.com/clairmont/,"Clairmont is a boutique residential development firm delivering curated living spaces with high-end design, sustainable materials, and personalized homeowner experiences.",Real Estate,"WordPress, HTML, CSS","boutique development, sustainable homes, custom residences, residential design",Real Estate – Boutique Residential Development,Real Estate / Boutique Residential Development,1
https://portfolio.muhammadprojects.com/uhler-management/,"Uhler Management is a corporate asset management firm providing portfolio oversight, maintenance coordination, and financial performance reporting for commercial property owners.",Real Estate,"WordPress, JavaScript, CSS","corporate asset management, portfolio oversight, property maintenance, financial reporting",Real Estate – Corporate Asset Management,Real Estate / Corporate Property Management,5
https://insitechstaging.com/demo/spectrum-group,Spectrum Group is a real estate development and property management firm specializing in high-end residential and commercial projects. They offer turnkey solutions from acquisition to leasing and long-term asset management.,Real Estate,"WordPress, HTML, CSS","property development, property management, real estate solutions, commercial leasing",Real Estate – Development & Property Services,Real Estate / Property Development & Management,4
https://mylres.com/,"MYLRES is a real estate investment and property management company focused on acquisitions, residential developments, and client-focused housing services with scalable portfolio solutions.",Real Estate,"WordPress, HTML, CSS","real estate investment, property management, residential housing, development services",Real Estate – Investment & Property Management,Real Estate / Investment & Development,2
https://portfolio.muhammadprojects.com/casaconnect/,"CasaConnect is a real estate services platform connecting homeowners and renters with trusted agents, facilitating property search, scheduling tours, and market listing consultation.",Real Estate,"React, Node.js, CSS","real estate listings, property search platform, home tours, real estate agents",Real Estate – Online Property Search Platform,Real Estate / Online Property Matching,
https://nalaenterprises.com/,"Nala Enterprises simplifies the home-selling process by offering a personalized and hassle-free experience. They buy houses AS-IS with no agents, open houses, or inspections—just fast, all-cash offers.",Real Estate,"WordPress, Elementor, WPForms, PHP, MySQL, OceanWP, Google Fonts, reCAPTCHA","sell my house fast, cash home buyers, real estate investors, AS-IS home sale, hassle-free home selling, Elementor real estate",Real Estate / Home Buying,Real Estate Investment / Home Solutions,
https://portfolio.muhammadprojects.com/masea-house/,"Masea House is a luxury vacation rental management company offering premium property hosting, guest services, and concierge support to homeowners and travelers.",Real Estate,"WordPress, Elementor, CSS","vacation rental management, luxury rentals, guest concierge, property hosting",Real Estate & Hospitality – Vacation Rental Management,Real Estate / Vacation Rental Services,6
https://portfolio.muhammadprojects.com/adwerx/,"Adwerx offers real estate marketing automation solutions that help realtors and agencies manage property ads, retargeting campaigns, and client engagement across digital platforms.",Real Estate,"React, CSS, Node.js","real estate marketing, ad automation, property listings, digital realty ads",Real Estate Marketing – Ad Automation Platform,Real Estate / Marketing Tech for Realtors,
https://insitechstaging.com/demo/luckybackyard,"Lucky Backyard is a rental platform designed to simplify and enhance the home renting process. With a user-friendly interface and a wide range of listings, it aims to make property searching convenient, fast, and hassle-free.",Real Estate,"WordPress, WooCommerce, Elementor, WPBakery, PHP, MySQL, Bootstrap 5, Cloudflare, Slider Revolution, GSAP, jQuery, FancyBox","rental listings, property search, home rental, online rental platform, rental site, rental convenience, housing search, WordPress Elementor",Real Estate Rentals,Real Estate,
https://jmkwoodcreations.com/,"JMK Wood Creations, based in Texas, offers handcrafted wood projects ranging from custom urns and keepsake boxes to dining tables and wood-turned decor. With over 10 years of experience, each piece is personalized with optional laser engraving.",Retail & Specialty,"WordPress, PHP, MySQL, Apache","custom wood projects, Texas woodworking, engraved keepsake boxes, dining tables, wood urns, personalized gifts, handcrafted wood decor, WordPress craftsman site",Custom Woodworking,Handmade Woodwork & Custom Furniture,
https://www.baitutihome.com/,"Baituti Home curates luxury Italian furniture (B&B Italia, Maxalto, Flos, Louis Poulsen) and provides FF&E procurement, kitchen/wardrobe design, installation and lighting services in Dubai.",Retail & Specialty,WordPress or custom CMS; Instagram embed; analytics; Cloud hosting,"luxury furniture Dubai, B&B Italia UAE, Maxalto, Flos lighting, Louis Poulsen, interior design services",Retail & Design – Luxury Furniture & Interior Design,Luxury Retail & Home Design / Italian Furniture,
https://portfolio.muhammadprojects.com/saqib-filling-station/,"Saqib Filling Station is a fuel service brand operating a network of gas stations with convenience stores, automotive essentials, and branded fuel options.",Retail & Specialty,"WordPress, HTML, CSS","filling station, gas station convenience, fuel service, automotive essentials",Retail & Services – Fuel & Convenience Stations,Retail / Fuel & Convenience Retail,
https://insitechstaging.com/demo/monsoon-security/,"Monsoon Security offers residential and commercial security systems including CCTV surveillance, alarm installation, and 24/7 monitoring to ensure safety and peace of mind.",Security & Defense,"WordPress, PHP, jQuery","CCTV installation, home security, alarm systems, surveillance services",Security & Defense – Home & Business Security,Security & Defense / Residential & Commercial Security,
https://portfolio.muhammadprojects.com/give-back-solar/,"Give Back Solar is a solar energy initiative that provides affordable solar panel installations to underserved communities, including installation services, solar education, and sustainability workshops.",Solar Energy,"WordPress, HTML, CSS, JavaScript","community solar, solar installation, renewable energy outreach, sustainability workshops",Clean Energy – Community Solar Program,Clean Energy / Solar Access & Education,
https://muhammadprojects.com/rip-city/,"Rip City is a skateboarding and streetwear brand offering skateboard gear, apparel, and accessories inspired by urban youth culture.",Sports & Recreation,"WordPress, JavaScript, CSS","skateboard gear, skatewear, streetwear brand, urban skate culture",Fashion & Sports – Skateboarding Apparel,Fashion & Apparel / Skateboarding & Streetwear,
https://muhammadprojects.com/muscle-magic/,"Muscle Magic is a fitness brand offering muscle recovery products, compression wear, and wellness accessories aimed at athletes and active lifestyles.",Sports & Recreation,"Custom CMS, PHP, CSS","compression wear, muscle recovery, athletic gear, fitness accessories",Sports & Fitness – Recovery & Compression Gear,Sports & Fitness / Athlete Recovery Products,
https://portfolio.muhammadprojects.com/free-tennis-courts/,"Free Tennis Courts promotes public-access tennis facilities, offering court booking, coaching clinics, and community tennis programs for all ages.",Sports & Recreation,"WordPress, HTML, CSS","public tennis courts, court booking, tennis clinics, community sports",Sports & Recreation – Public Tennis Facilities,Sports & Recreation / Community Tennis Programs,
https://swamfestva.org/,"Swampfest VA is Florida’s annual mud, BMX & skateboarding festival featuring pro-level riding, DIY wood ramps, camping, vendors & fan community.",Sports & Recreation + Event Planning,HTML/CSS with lWordPressInstagram & YouTube embeds:contentReference[oaicite:2]{index=2},"BMX festival Florida, skateboarding mud event, swampfest 2025, camping BMX festival, DIY ramps festival",Events & Entertainment – BMX & Skate Festival,Extreme Sports & Festivals / BMX Skateboarding,
https://www.drmsusa.com/,"DRMS USA provides document management, medical record scanning, secure shredding, and digitization solutions for healthcare and business clients across the U.S.",Technology & IT,WordPress; Gravity Forms; Google Analytics; PDF previews; PHP,"medical record scanning, document shredding, digitization services, secure shredding, HIPAA compliant",Business & Professional – Document Management & Digitization,Document Services / Secure Document Management,
https://muhammadprojects.com/zdapt,Zdapt is a tech platform offering adaptive software solutions and IT consulting services tailored for enterprise-scale businesses.,Technology & IT,"HTML, CSS, React","adaptive software, enterprise IT consulting, custom software solutions, tech optimization",IT Services – Adaptive Software Solutions,IT & Tech Services / Enterprise Software Solutions,
https://muhammadprojects.com/zdapt/,Zdapt is a tech platform offering adaptive software solutions and IT consulting services tailored for enterprise-scale businesses.,Technology & IT,"Shopify-like Liquid, HTML, CSS","adaptive software, enterprise IT consulting, custom software solutions, tech optimization",IT Services – Adaptive Software Solutions,IT & Tech Services / Enterprise Software Solutions,
https://muhammadprojects.com/altumsolutions,"Altum Solutions is a technology consulting firm providing ERP integration, software development, and digital transformation services to mid-sized enterprises.",Technology & IT,"WordPress, JavaScript, CSS","ERP integration, software consulting, digital transformation, tech services",IT Services – ERP & Software Consulting,IT & Tech Services / ERP & Software Integration,
https://muhammadprojects.com/altumsolutions/,"Altum Solutions is a technology consulting firm providing ERP integration, software development, and digital transformation services to mid-sized enterprises.",Technology & IT,"WordPress, JavaScript, CSS","ERP integration, software consulting, digital transformation, tech services",IT Services – ERP & Software Consulting,IT & Tech Services / ERP & Software Integration,
https://ngentech.net/,"NGen Technologies offers IT consulting, networking, cybersecurity, cloud solutions, VoIP, managed IT services for small to medium businesses.",Technology & IT,WordPress; Elementor; Google Analytics; Cloudflare; PHP,MySQL,IT Services – Network & Cybersecurity Solutions,"IT consulting, network security, cloud solutions, VoIP services, managed IT",IT & Tech Services / Network & Cybersecurity
https://insitech.pk/,"InsiTech Pakistan offers full-stack web & mobile app development, IT consulting, network engineering, and software solutions for businesses across industries.",Technology & IT,Custom CMS; PHP/MySQL backend; Google Analytics; forms and chat integrations,"software development Pakistan, IT consulting, web app development, mobile app services",IT Services – Software & App Development,IT & Tech Services / Software & App Development,
https://commercialplus.com/,"Commercial Plus provides business equipment sales and service, including printers, copiers, software, and IT support for commercial clients.",Technology & IT, WordPress ; contact forms; analytics,"office printer sales, copier service, IT support, business equipment",Retail & Services – Office Equipment & IT Support,Retail & Services / Office Equipment & IT Services,
https://northidahofirearms.com/,"North Idaho Firearms Training provides expert-level firearms instruction led by retired law enforcement and military professionals. With over 20 years of experience, the site promotes tactical skills, safety, and confidence for firearm users of all levels.",Training & Retail – Firearms,"WordPress, Elementor, PHP, MySQL, Apache, reCAPTCHA, jQuery, Lightbox","firearms training, tactical instruction, Idaho gun training, self-defense classes, military instructors, law enforcement training, gun safety, WordPress firearms site",Firearms Training,Firearms & Personal Defense,
https://insitechstaging.com/demo/weapon-retention/,"Weapon Retention offers tactical self-defense training rooted in Brazilian Jiu-Jitsu, specifically designed for police officers and law enforcement personnel. The site emphasizes real-world techniques for weapon retention and close combat.",Training & Retail – Firearms Classes & Services,"WordPress, WooCommerce, Elementor","self-defense training, Brazilian Jiu-Jitsu, weapon retention, police training, tactical combat, law enforcement defense, hand-to-hand training, WordPress Elementor",Law Enforcement Training,Law Enforcement & Martial Arts,
http://northidahofirearms.com/,"North Idaho Firearms Training offers firearms classes (CCW, AR‑15 fundamentals, Glock armorer, rifle/pistol/shotgun, CQB) and gunsmith services led by experienced instructors.",Training & Retail – Firearms Classes & Services,"HTML, CSS, possible jQuery; Wordpress
","firearms training Idaho, CCW classes, Glock armorer, rifle training, shotgun training, CQB",Training & Retail – Firearms Classes & Services,Firearms & Tactical Training / Gun Safety,
https://insitechstaging.com/demo/bromley-collision/,"Bromley Collision is a trusted auto body repair shop offering fast, efficient, and high-quality services backed by over 24 years of experience. The site highlights their expert technicians, modern tools, and dedication to restoring vehicles to top condition.",Transportation & Logistics,"WordPress, Elementor, WPBakery, PHP, Apache","auto body repair, car collision repair, paint and body shop, dent removal, vehicle restoration, fast turnaround, certified auto service, WordPress Elementor",Auto Repair Services,Automotive Services,
https://insitechstaging.com/demo/tnt-services/,"TNT Services specializes in professional auto tinting, providing vehicle owners with sleek, UV-protective window tint solutions for enhanced comfort and style.",Transportation & Logistics,"WordPress (assumed), HTML, CSS","auto tinting, car window tint, vehicle protection, tinted windows, UV protection, car styling",Auto Services,Automotive Services,
https://foursight.com/,"Foursight offers a digital experience centered around exploration and mobility, featuring login/signup functionality with a sleek, car-themed design. The site suggests an interactive platform related to travel, driving, or digital vehicle access.",Transportation & Logistics,"ASP.NET, IIS, Windows Server, jQuery, jQuery UI, Google Tag Manager","driving platform, digital mobility, car signup portal, ASP.NET site, automotive lifestyle, user login system",Automotive Experience Platform,Automotive & Digital Experience,
https://portfolio.muhammadprojects.com/bromley-collision/,"Bromley Collision is an auto body repair shop specializing in collision repair, paint refinishing, frame straightening, and insurance claim support.",Transportation & Logistics,"Custom PHP, HTML, CSS","auto body repair, collision shop, paint refinishing, insurance claims",Automotive Services – Collision Repair,Automotive / Body Repair & Paint Services,
https://insitechstaging.com/demo/badboystrain/,"Bad Boys Train is a cargo transport platform focused on commercial freight solutions. The site highlights various modes of cargo handling including ship, aircraft, truck, van, and containerized transport across global routes.",Transportation & Logistics,"Surge, Java, Vue.js, OpenGSE, Google Font API, Closure Library, Highlight.js","cargo transport, commercial freight, shipping logistics, container delivery, global shipping, freight services, logistics solutions, train and truck cargo",Freight & Cargo,Shipping & Transport,
https://insitechstaging.com/demo/weight-pullers/,"Weight Pullers is a heavy equipment company that manufactures and services industrial towing and hauling solutions using trucks, tractors and specialized machinery.",Transportation & Logistics,"Custom PHP, HTML, CSS","heavy equipment hauling, industrial towing, machinery transport, truck pulling services",Industrial & Logistics – Heavy Haulage & Towing,Industrial & Logistics / Heavy Haulage & Towing,
https://insitechstaging.com/demo/transportation-trend-setter/,"Transportation Trend Setter provides freight forwarding and logistics services across regional and national routes. Their solutions include fleet operations, cargo handling, and scheduled transport for businesses of all sizes.",Transportation & Logistics,"Custom PHP, Bootstrap, JavaScript","logistics company, fleet services, transport provider, cargo delivery",Logistics & Transport – Fleet Services,Transport & Logistics / Freight & Logistics Services,
https://insitechstaging.com/demo/greatwork-logistics,"Greatwork Logistics Group is a dispatch and freight forwarding company founded by a former owner-operator. The site highlights their logistics expertise, offering tailored solutions for small businesses, fleet owners, and import/export operations through a global shipping network.",Transportation & Logistics,"WordPress, WooCommerce, Elementor, WPBakery, PHP, MySQL, Bootstrap 5, Cloudflare, Slider Revolution, GSAP, jQuery, FancyBox","freight forwarding, trucking dispatch, logistics services, owner-operator support, small business shipping, global freight, import/export solutions, WordPress Elementor",Logistics & Transportation,Freight & Logistics,
https://insitechstaging.com/demo/pro-auto-towing/,"Pro Auto Towing is an Arkansas-based towing and collision repair company with over 30 years of experience. They provide professional vehicle recovery, fleet maintenance, and auto body services with a commitment to care and excellence.",Transportation & Logistics,"WordPress, HTML, CSS, Contact Form 7","towing service, collision repair, auto body shop, fleet maintenance, roadside assistance, Arkansas towing, WordPress auto shop",Towing & Auto Repair,Automotive & Recovery,
https://muhammadprojects.com/lift-aviation/,"Lift Aviation offers aircraft fleet management, charter services, and aviation logistics solutions for private and corporate clients.",Transportation & Logistics,"WordPress, JavaScript, CSS","aircraft charter, fleet management, aviation logistics, private aviation",Transportation – Aviation Services,Luxury Transport / Private Aviation Services,
https://portfolio.muhammadprojects.com/crescent-rides/,"Crescent Rides is a car ride service specializing in ride-hailing and chauffeur-driven vehicles for urban and airport transport, offering user-friendly booking and premium customer experience.",Transportation & Logistics,"Custom PHP, JavaScript, CSS","car ride service, chauffeur transport, airport transfers, ride-hailing service",Transportation – Urban & Airport Car Services,Transport & Logistics / Car Ride & Chauffeur Services,
https://insitechstaging.com/demo/barefoot-xpress/,"Barefoot Xpress offers reliable and secure transportation and tour services. The site highlights their focus on speed, safety, and professional travel solutions tailored for both individuals and groups.",Travel & Tourism,"WordPress, HTML","transportation service, tour company, fast travel, secure logistics, group travel, private transport, WordPress transport site",Transport & Tours,Travel & Logistics,
https://insitechstaging.com/demo/cruise-landing/,"Cruise Landing operates as a maritime travel service offering cruise and yacht booking arrangements, itinerary planning, and onshore excursion coordination.",Travel & Tourism,"WordPress, JavaScript, CSS","cruise booking, yacht charters, itinerary planning, maritime excursions",Travel & Leisure – Cruise Booking Services,Travel & Tourism / Cruise & Yacht Travel,
https://insitechstaging.com/demo/relocate-travel/,"Relocate Travel is a modern travel and tour agency offering personalized booking experiences, including flights, hotels, and destination packages. The site emphasizes convenience, exploration, and global travel planning.",Travel & Tourism,"WordPress, WooCommerce, Elementor, Next.js, React, PHP, MySQL, Slider Revolution, MailChimp, Calendly, WPForms","travel agency, tour booking, hotel reservations, destination planning, global trips, WordPress tourism site, custom travel packages",Travel & Tour Services,Tourism & Travel Planning,
https://insitechstaging.com/demo/travel-agency/,"This travel agency website promotes curated tours, hotel bookings, and ticketing services. It encourages users to explore, dream, and travel with ease through a fully managed digital booking experience.",Travel & Tourism,"WordPress, CMS, HTML, CSS, WPForms","travel agency, hotel booking, tour packages, ticketing services, travel planner, WordPress tourism site, explore and book",Travel & Tourism,Tourism & Hospitality,
https://muhammadprojects.com/alasca-tours/,"Alasca Tours is a travel agency specializing in adventure tours, guided excursions, and customized travel itineraries in remote and exotic destinations.",Travel & Tourism,"HTML, CSS, JavaScript","adventure tours, guided excursions, custom travel itineraries, exotic destinations",Travel & Tourism – Adventure Travel Agency,Travel & Tourism / Adventure & Exploration Travel,
https://muhammadprojects.com/san-diego/,"San Diego is a boutique travel service offering customized city tours, local sightseeing itineraries, and hospitality experiences in San Diego.",Travel & Tourism,"HTML, CSS, JavaScript","custom city tours, San Diego sightseeing, local travel experiences, boutique tours",Travel & Tourism – Local Tour Services,Travel & Tourism / City Tour & Hospitality,
https://insitechstaging.com/demo/jounrey/,"Journey is a premium travel company offering curated vacation packages, destination planning, and guided tours. Their services cater to individuals, families, and corporate clients seeking personalized travel experiences.",Travel & Tourism,"Shopify-like Liquid, HTML/CSS, JavaScript","travel planning, tour packages, guided trips, luxury tourism",Travel & Tourism – Travel Agency,Travel & Tourism / Personalized Travel Services,
